jades_id,ra,dec,field,class,class_label,probability
122174,53.063473,-27.785652,goods-s,3,In-between Round Smooth,0.98960280418396
122900,53.08172,-27.784897,goods-s,3,In-between Round Smooth,0.9377262592315674
123749,53.08617,-27.783854,goods-s,3,In-between Round Smooth,0.9618557691574097
123809,53.087334,-27.783777,goods-s,3,In-between Round Smooth,0.9556059241294861
124908,53.149036,-27.782032,goods-s,4,Cigar Shaped Smooth,0.9483781456947327
127055,53.088146,-27.778994,goods-s,4,Cigar Shaped Smooth,0.9564103484153748
129908,53.063522,-27.774864,goods-s,4,Cigar Shaped Smooth,0.8650567531585693
132538,53.09585,-27.771786,goods-s,2,Round Smooth,0.9754252433776855
135470,53.1149,-27.769157,goods-s,3,In-between Round Smooth,0.9828246235847473
136296,53.059128,-27.768375,goods-s,3,In-between Round Smooth,0.8640198707580566
138489,53.060005,-27.766098,goods-s,4,Cigar Shaped Smooth,0.8555588126182556
139263,53.11565,-27.765257,goods-s,3,In-between Round Smooth,0.9782821536064148
142113,53.136395,-27.76086,goods-s,2,Round Smooth,0.9789459705352783
142114,53.111427,-27.761164,goods-s,3,In-between Round Smooth,0.8148935437202454
145737,53.114883,-27.756142,goods-s,3,In-between Round Smooth,0.9708781838417053
146353,53.117992,-27.7553,goods-s,3,In-between Round Smooth,0.8733906149864197
146360,53.11564,-27.755266,goods-s,4,Cigar Shaped Smooth,0.8655838966369629
147112,53.121532,-27.754179,goods-s,3,In-between Round Smooth,0.8961589932441711
147314,53.126877,-27.753899,goods-s,3,In-between Round Smooth,0.939483106136322
147592,53.104774,-27.753435,goods-s,3,In-between Round Smooth,0.9842031598091125
149831,53.13132,-27.749983,goods-s,4,Cigar Shaped Smooth,0.8276533484458923
151798,53.113026,-27.745642,goods-s,2,Round Smooth,0.9071010947227478
152869,53.11992,-27.74311,goods-s,2,Round Smooth,0.8906183242797852
153063,53.109055,-27.742655,goods-s,3,In-between Round Smooth,0.9427676200866699
153105,53.14181,-27.7426,goods-s,3,In-between Round Smooth,0.9113190174102783
153784,53.162285,-27.7407,goods-s,3,In-between Round Smooth,0.8919578790664673
153831,53.10923,-27.740725,goods-s,4,Cigar Shaped Smooth,0.9958545565605164
153910,53.104645,-27.740541,goods-s,2,Round Smooth,0.8380351066589355
154518,53.130566,-27.738693,goods-s,4,Cigar Shaped Smooth,0.9896173477172852
154985,53.19217,-27.737413,goods-s,3,In-between Round Smooth,0.9622504711151123
155421,53.191,-27.735561,goods-s,2,Round Smooth,0.9632853269577026
156107,53.111553,-27.732931,goods-s,3,In-between Round Smooth,0.803061306476593
156146,53.141136,-27.732738,goods-s,2,Round Smooth,0.9784383773803711
156176,53.116745,-27.732704,goods-s,4,Cigar Shaped Smooth,0.963523805141449
156253,53.1008,-27.7324,goods-s,3,In-between Round Smooth,0.988523542881012
156380,53.11639,-27.731647,goods-s,3,In-between Round Smooth,0.8570589423179626
157310,53.117138,-27.919832,goods-s,2,Round Smooth,0.987145185470581
157504,53.114887,-27.917244,goods-s,3,In-between Round Smooth,0.8638787865638733
158273,53.07285,-27.9085,goods-s,2,Round Smooth,0.8204920291900635
158382,53.037266,-27.907265,goods-s,3,In-between Round Smooth,0.972984254360199
158477,53.075172,-27.906906,goods-s,3,In-between Round Smooth,0.9634727239608765
158538,53.07153,-27.90609,goods-s,4,Cigar Shaped Smooth,0.8701770305633545
158965,53.055065,-27.904263,goods-s,3,In-between Round Smooth,0.813190758228302
159268,53.0591,-27.902933,goods-s,2,Round Smooth,0.9646985530853271
159394,53.06789,-27.902336,goods-s,3,In-between Round Smooth,0.8864216804504395
159747,53.03435,-27.901165,goods-s,3,In-between Round Smooth,0.9617353677749634
159978,53.06867,-27.900251,goods-s,2,Round Smooth,0.9718011021614075
160057,53.082623,-27.899603,goods-s,3,In-between Round Smooth,0.923882246017456
160210,53.083744,-27.899492,goods-s,2,Round Smooth,0.9271931052207947
160376,53.075497,-27.898714,goods-s,4,Cigar Shaped Smooth,0.9790710806846619
160530,53.093903,-27.898314,goods-s,2,Round Smooth,0.9515690803527832
160806,53.084583,-27.897003,goods-s,2,Round Smooth,0.933393657207489
160999,53.046604,-27.896832,goods-s,4,Cigar Shaped Smooth,0.910904586315155
162349,53.12006,-27.893364,goods-s,4,Cigar Shaped Smooth,0.9803478717803955
162519,53.09257,-27.892324,goods-s,3,In-between Round Smooth,0.8625000715255737
162537,53.05465,-27.892176,goods-s,2,Round Smooth,0.970584511756897
162704,53.118607,-27.892006,goods-s,3,In-between Round Smooth,0.9922865629196167
162783,53.08385,-27.89166,goods-s,2,Round Smooth,0.9830886125564575
163426,53.060436,-27.889992,goods-s,2,Round Smooth,0.9118908643722534
165228,53.09839,-27.885149,goods-s,2,Round Smooth,0.8547494411468506
165829,53.01466,-27.884087,goods-s,4,Cigar Shaped Smooth,0.8512086868286133
166410,53.112675,-27.882984,goods-s,4,Cigar Shaped Smooth,0.8780420422554016
167170,53.091553,-27.881376,goods-s,4,Cigar Shaped Smooth,0.8986111283302307
167673,53.075035,-27.880455,goods-s,2,Round Smooth,0.966723620891571
169112,53.072975,-27.878386,goods-s,2,Round Smooth,0.968548059463501
169883,53.016396,-27.876678,goods-s,2,Round Smooth,0.9085806012153625
170405,53.0715,-27.875628,goods-s,2,Round Smooth,0.917014479637146
170947,53.08752,-27.874453,goods-s,2,Round Smooth,0.9630577564239502
171110,53.06659,-27.874529,goods-s,2,Round Smooth,0.8515321612358093
171338,53.14866,-27.874035,goods-s,4,Cigar Shaped Smooth,0.9856284856796265
171496,53.094875,-27.873379,goods-s,3,In-between Round Smooth,0.8128600120544434
171522,53.080467,-27.872091,goods-s,2,Round Smooth,0.8515304327011108
172588,53.012608,-27.871805,goods-s,3,In-between Round Smooth,0.9316960573196411
172958,53.077763,-27.869335,goods-s,2,Round Smooth,0.8409062027931213
173129,53.151413,-27.87084,goods-s,3,In-between Round Smooth,0.9896668195724487
173211,53.16244,-27.87073,goods-s,3,In-between Round Smooth,0.9350222945213318
173387,53.109875,-27.870192,goods-s,2,Round Smooth,0.955948531627655
173904,53.009064,-27.869003,goods-s,3,In-between Round Smooth,0.928130030632019
174651,53.029255,-27.86782,goods-s,3,In-between Round Smooth,0.8974373936653137
175023,53.15777,-27.867088,goods-s,2,Round Smooth,0.907369077205658
175055,53.08014,-27.867176,goods-s,2,Round Smooth,0.993985116481781
175274,53.034977,-27.86658,goods-s,4,Cigar Shaped Smooth,0.8256897330284119
176272,53.07078,-27.864996,goods-s,2,Round Smooth,0.987032949924469
177346,53.115795,-27.863213,goods-s,3,In-between Round Smooth,0.9809935688972473
177624,53.143658,-27.862782,goods-s,3,In-between Round Smooth,0.9113817811012268
177906,53.124763,-27.860434,goods-s,3,In-between Round Smooth,0.8374849557876587
178205,53.016804,-27.861975,goods-s,3,In-between Round Smooth,0.9548712968826294
178230,53.097473,-27.861803,goods-s,2,Round Smooth,0.9907962083816528
178528,53.029137,-27.861382,goods-s,2,Round Smooth,0.9900081157684326
179536,53.089787,-27.859316,goods-s,2,Round Smooth,0.8237845301628113
181082,53.122177,-27.858334,goods-s,3,In-between Round Smooth,0.8655012249946594
183156,53.137268,-27.855753,goods-s,4,Cigar Shaped Smooth,0.9584069848060608
183259,53.112747,-27.855507,goods-s,4,Cigar Shaped Smooth,0.8846309185028076
183848,53.092915,-27.854502,goods-s,2,Round Smooth,0.9666733145713806
183996,53.035942,-27.854305,goods-s,3,In-between Round Smooth,0.8881915807723999
184571,53.13787,-27.853205,goods-s,2,Round Smooth,0.8649236559867859
184804,53.099407,-27.852962,goods-s,3,In-between Round Smooth,0.8970284461975098
185122,53.137157,-27.852236,goods-s,2,Round Smooth,0.9397798180580139
185593,53.136414,-27.850763,goods-s,2,Round Smooth,0.9312641620635986
185878,53.1254,-27.850134,goods-s,2,Round Smooth,0.9638491272926331
187565,53.13102,-27.846611,goods-s,3,In-between Round Smooth,0.9164607524871826
188404,53.100086,-27.844236,goods-s,2,Round Smooth,0.9810197949409485
188852,53.17397,-27.843388,goods-s,2,Round Smooth,0.9657427072525024
188950,53.080948,-27.8428,goods-s,3,In-between Round Smooth,0.9662836790084839
189964,53.170654,-27.840483,goods-s,3,In-between Round Smooth,0.9792899489402771
190022,53.09767,-27.840326,goods-s,4,Cigar Shaped Smooth,0.9235962629318237
190037,53.144573,-27.839756,goods-s,4,Cigar Shaped Smooth,0.8315718770027161
190136,53.145947,-27.840036,goods-s,3,In-between Round Smooth,0.890856921672821
190353,53.09647,-27.839455,goods-s,2,Round Smooth,0.9945879578590393
191390,53.109253,-27.835768,goods-s,2,Round Smooth,0.8790659308433533
191723,53.17365,-27.834745,goods-s,4,Cigar Shaped Smooth,0.9253954887390137
192173,53.077206,-27.832808,goods-s,2,Round Smooth,0.951174795627594
192246,53.04591,-27.833273,goods-s,3,In-between Round Smooth,0.9873057007789612
192316,53.16804,-27.83257,goods-s,2,Round Smooth,0.8638765811920166
192509,53.07336,-27.832449,goods-s,2,Round Smooth,0.8742589950561523
192954,53.065697,-27.830606,goods-s,3,In-between Round Smooth,0.8195792436599731
193068,53.134445,-27.830883,goods-s,2,Round Smooth,0.9539573788642883
193176,53.051304,-27.830467,goods-s,3,In-between Round Smooth,0.9223238825798035
193254,53.053265,-27.828535,goods-s,2,Round Smooth,0.8000762462615967
193281,53.071556,-27.83008,goods-s,3,In-between Round Smooth,0.9453619122505188
193351,53.13949,-27.829988,goods-s,3,In-between Round Smooth,0.876775860786438
194097,53.050514,-27.827484,goods-s,2,Round Smooth,0.9543147683143616
194373,53.14006,-27.826513,goods-s,2,Round Smooth,0.912473738193512
194520,53.165936,-27.826166,goods-s,3,In-between Round Smooth,0.9002872109413147
194529,53.065292,-27.826038,goods-s,4,Cigar Shaped Smooth,0.8664791584014893
194698,53.12795,-27.824696,goods-s,3,In-between Round Smooth,0.9441732168197632
194911,53.08865,-27.82494,goods-s,2,Round Smooth,0.8656500577926636
195069,53.0877,-27.824738,goods-s,2,Round Smooth,0.9770022034645081
195084,53.08096,-27.824583,goods-s,4,Cigar Shaped Smooth,0.8505741953849792
195484,53.071453,-27.8237,goods-s,3,In-between Round Smooth,0.931090235710144
196085,53.05702,-27.822296,goods-s,2,Round Smooth,0.9903138875961304
196264,53.121586,-27.821455,goods-s,4,Cigar Shaped Smooth,0.8343905806541443
196274,53.056408,-27.821457,goods-s,4,Cigar Shaped Smooth,0.9863090515136719
196383,53.07785,-27.821087,goods-s,4,Cigar Shaped Smooth,0.9706944227218628
196727,53.094097,-27.820114,goods-s,4,Cigar Shaped Smooth,0.9468501210212708
196776,53.07922,-27.819866,goods-s,3,In-between Round Smooth,0.8427520394325256
197541,53.190952,-27.816833,goods-s,3,In-between Round Smooth,0.9101030826568604
198472,53.075146,-27.814043,goods-s,3,In-between Round Smooth,0.9148621559143066
198590,53.173176,-27.813412,goods-s,3,In-between Round Smooth,0.9715275168418884
198710,53.168198,-27.813004,goods-s,2,Round Smooth,0.8056370615959167
198856,53.193836,-27.812937,goods-s,3,In-between Round Smooth,0.923525333404541
200047,53.131065,-27.8085,goods-s,3,In-between Round Smooth,0.808921754360199
200196,53.11869,-27.807447,goods-s,2,Round Smooth,0.9864839315414429
200361,53.19574,-27.807253,goods-s,3,In-between Round Smooth,0.8775587677955627
200658,53.185165,-27.805347,goods-s,2,Round Smooth,0.8036418557167053
200980,53.09394,-27.80492,goods-s,3,In-between Round Smooth,0.958419680595398
201598,53.08209,-27.802753,goods-s,4,Cigar Shaped Smooth,0.9673157930374146
201655,53.09013,-27.802523,goods-s,3,In-between Round Smooth,0.952042818069458
202026,53.126938,-27.800917,goods-s,3,In-between Round Smooth,0.8905500769615173
202152,53.148983,-27.799759,goods-s,2,Round Smooth,0.878858208656311
202206,53.163433,-27.799618,goods-s,2,Round Smooth,0.8659892678260803
202270,53.085396,-27.800196,goods-s,2,Round Smooth,0.9457993507385254
202327,53.168182,-27.799911,goods-s,4,Cigar Shaped Smooth,0.9785930514335632
202519,53.157295,-27.798527,goods-s,3,In-between Round Smooth,0.8162927031517029
202824,53.18775,-27.798122,goods-s,4,Cigar Shaped Smooth,0.9869111180305481
202891,53.168427,-27.797945,goods-s,3,In-between Round Smooth,0.9446815252304077
203266,53.07653,-27.796682,goods-s,4,Cigar Shaped Smooth,0.9690003991127014
204000,53.19388,-27.793364,goods-s,3,In-between Round Smooth,0.9636488556861877
204121,53.161274,-27.792944,goods-s,3,In-between Round Smooth,0.9163591861724854
204437,53.167347,-27.791935,goods-s,2,Round Smooth,0.9935792088508606
204932,53.14435,-27.789207,goods-s,3,In-between Round Smooth,0.856765627861023
205337,53.14719,-27.788544,goods-s,3,In-between Round Smooth,0.9614619612693787
205566,53.206608,-27.787525,goods-s,3,In-between Round Smooth,0.9480496048927307
205597,53.148,-27.787764,goods-s,3,In-between Round Smooth,0.8381994366645813
205644,53.06592,-27.787182,goods-s,2,Round Smooth,0.8768796920776367
205652,53.103783,-27.787588,goods-s,2,Round Smooth,0.9330291748046875
205949,53.121754,-27.785513,goods-s,2,Round Smooth,0.9045154452323914
205979,53.123688,-27.786266,goods-s,3,In-between Round Smooth,0.8596273064613342
207811,53.197018,-27.78067,goods-s,3,In-between Round Smooth,0.8485714793205261
207928,53.07168,-27.7804,goods-s,2,Round Smooth,0.8237481713294983
208593,53.185116,-27.778368,goods-s,2,Round Smooth,0.9404085874557495
208978,53.205063,-27.776934,goods-s,2,Round Smooth,0.9692845940589905
209336,53.203903,-27.774862,goods-s,2,Round Smooth,0.9162038564682007
209338,53.202682,-27.774017,goods-s,2,Round Smooth,0.930523157119751
209759,53.206432,-27.774181,goods-s,3,In-between Round Smooth,0.9759362936019897
209826,53.191486,-27.773935,goods-s,4,Cigar Shaped Smooth,0.930342972278595
210016,53.10165,-27.77349,goods-s,2,Round Smooth,0.9834030866622925
210227,53.18782,-27.77269,goods-s,3,In-between Round Smooth,0.9654299020767212
210517,53.10422,-27.77211,goods-s,4,Cigar Shaped Smooth,0.8125963807106018
210715,53.141308,-27.771484,goods-s,4,Cigar Shaped Smooth,0.9876353144645691
211158,53.172115,-27.770454,goods-s,4,Cigar Shaped Smooth,0.9562538266181946
211198,53.15596,-27.770155,goods-s,3,In-between Round Smooth,0.9451823830604553
211383,53.184944,-27.769842,goods-s,4,Cigar Shaped Smooth,0.9012174010276794
211917,53.105034,-27.768652,goods-s,3,In-between Round Smooth,0.9509312510490417
213092,53.220222,-27.764755,goods-s,2,Round Smooth,0.9760563969612122
213236,53.10947,-27.764168,goods-s,2,Round Smooth,0.8720110058784485
214063,53.202778,-27.760735,goods-s,3,In-between Round Smooth,0.8166643977165222
214123,53.206238,-27.759577,goods-s,3,In-between Round Smooth,0.8963116407394409
214361,53.19212,-27.759327,goods-s,3,In-between Round Smooth,0.9640820622444153
214433,53.203514,-27.75883,goods-s,3,In-between Round Smooth,0.8374630808830261
214780,53.156242,-27.757467,goods-s,3,In-between Round Smooth,0.9736921191215515
215447,53.157887,-27.75529,goods-s,3,In-between Round Smooth,0.8857129216194153
215697,53.129093,-27.754623,goods-s,3,In-between Round Smooth,0.854428768157959
216241,53.121857,-27.752771,goods-s,2,Round Smooth,0.9898049235343933
216281,53.216022,-27.752518,goods-s,2,Round Smooth,0.8945316672325134
217179,53.183907,-27.748291,goods-s,4,Cigar Shaped Smooth,0.9366413354873657
217401,53.17076,-27.74735,goods-s,4,Cigar Shaped Smooth,0.9682161211967468
218228,53.16972,-27.742199,goods-s,4,Cigar Shaped Smooth,0.9728659391403198
218761,53.166847,-27.738598,goods-s,2,Round Smooth,0.9605688452720642
218780,53.178616,-27.7393,goods-s,3,In-between Round Smooth,0.923242449760437
219299,53.186665,-27.735163,goods-s,2,Round Smooth,0.8895947337150574
219520,53.154514,-27.734028,goods-s,3,In-between Round Smooth,0.8444327712059021
219709,53.097435,-27.73256,goods-s,3,In-between Round Smooth,0.9911529421806335
219738,53.196514,-27.73227,goods-s,3,In-between Round Smooth,0.9889231324195862
224866,53.17537,-27.852682,goods-s,3,In-between Round Smooth,0.8007852435112
224878,53.17357,-27.85248,goods-s,3,In-between Round Smooth,0.9030566215515137
225472,53.165314,-27.846722,goods-s,3,In-between Round Smooth,0.9868868589401245
225672,53.179684,-27.84394,goods-s,3,In-between Round Smooth,0.8602150678634644
225804,53.17644,-27.842598,goods-s,4,Cigar Shaped Smooth,0.8457240462303162
226349,53.184574,-27.836096,goods-s,2,Round Smooth,0.8931107521057129
226434,53.18916,-27.83519,goods-s,3,In-between Round Smooth,0.9873881340026855
226499,53.181698,-27.834455,goods-s,3,In-between Round Smooth,0.9943302273750305
226672,53.185635,-27.832577,goods-s,2,Round Smooth,0.981953501701355
226780,53.19093,-27.831097,goods-s,3,In-between Round Smooth,0.9895539879798889
226901,53.186142,-27.829731,goods-s,3,In-between Round Smooth,0.952447235584259
233732,53.09393,-27.751377,goods-s,3,In-between Round Smooth,0.9322425723075867
235018,53.060905,-27.744553,goods-s,2,Round Smooth,0.9768044948577881
236393,53.06012,-27.737835,goods-s,3,In-between Round Smooth,0.8440877795219421
236661,53.05956,-27.736158,goods-s,4,Cigar Shaped Smooth,0.9856801629066467
236917,53.060318,-27.734924,goods-s,3,In-between Round Smooth,0.9877557158470154
237037,53.061657,-27.734112,goods-s,3,In-between Round Smooth,0.9461463093757629
238515,53.046715,-27.717823,goods-s,3,In-between Round Smooth,0.9837408661842346
238975,53.067703,-27.713951,goods-s,4,Cigar Shaped Smooth,0.974550724029541
240513,53.05319,-27.704351,goods-s,3,In-between Round Smooth,0.9470964074134827
241198,53.069412,-27.700771,goods-s,4,Cigar Shaped Smooth,0.8952580094337463
241615,53.06727,-27.69854,goods-s,2,Round Smooth,0.9442542791366577
244068,53.18797,-27.842443,goods-s,2,Round Smooth,0.9658380150794983
244073,53.18965,-27.842003,goods-s,3,In-between Round Smooth,0.9528624415397644
244396,53.10392,-27.804144,goods-s,2,Round Smooth,0.971514880657196
244747,53.08401,-27.76208,goods-s,2,Round Smooth,0.892630934715271
244827,53.076855,-27.76026,goods-s,2,Round Smooth,0.8986403942108154
244874,53.074566,-27.760162,goods-s,4,Cigar Shaped Smooth,0.9670941829681396
245082,53.094666,-27.754698,goods-s,3,In-between Round Smooth,0.9767596125602722
245306,53.076515,-27.751259,goods-s,2,Round Smooth,0.8368780016899109
245534,53.086143,-27.746315,goods-s,2,Round Smooth,0.8278915286064148
245747,53.072895,-27.74362,goods-s,2,Round Smooth,0.9885340332984924
245785,53.088543,-27.74189,goods-s,3,In-between Round Smooth,0.9125027060508728
245898,53.075325,-27.742708,goods-s,2,Round Smooth,0.8746916055679321
246067,53.067516,-27.739841,goods-s,2,Round Smooth,0.9515388607978821
246136,53.075893,-27.739552,goods-s,4,Cigar Shaped Smooth,0.9217033982276917
246625,53.143116,-27.730665,goods-s,2,Round Smooth,0.9721997380256653
246892,53.058517,-27.72318,goods-s,2,Round Smooth,0.811671793460846
247035,53.043316,-27.716978,goods-s,2,Round Smooth,0.9370326995849609
247260,53.06103,-27.715689,goods-s,2,Round Smooth,0.9911801218986511
247290,53.04048,-27.71345,goods-s,2,Round Smooth,0.979204535484314
247309,53.03996,-27.711714,goods-s,3,In-between Round Smooth,0.962978184223175
247374,53.04518,-27.714445,goods-s,4,Cigar Shaped Smooth,0.940446674823761
247456,53.07735,-27.71323,goods-s,3,In-between Round Smooth,0.8018937110900879
247602,53.061707,-27.711773,goods-s,2,Round Smooth,0.9655190110206604
248063,53.036076,-27.704153,goods-s,2,Round Smooth,0.84394770860672
248147,53.081196,-27.704763,goods-s,2,Round Smooth,0.8611548542976379
248397,53.076187,-27.70124,goods-s,3,In-between Round Smooth,0.8312553763389587
248564,53.0314,-27.699257,goods-s,2,Round Smooth,0.9844498634338379
248617,53.034485,-27.698301,goods-s,2,Round Smooth,0.8474742770195007
249252,53.065166,-27.689943,goods-s,3,In-between Round Smooth,0.8170601725578308
282404,53.095562,-27.909584,goods-s,2,Round Smooth,0.9365189671516418
298488,53.20381,-27.818165,goods-s,3,In-between Round Smooth,0.8469936847686768
298490,53.200565,-27.812553,goods-s,2,Round Smooth,0.959699809551239
298506,53.103554,-27.934542,goods-s,2,Round Smooth,0.9913452863693237
298540,53.136898,-27.884174,goods-s,2,Round Smooth,0.8706998825073242
298551,53.198833,-27.813131,goods-s,4,Cigar Shaped Smooth,0.8813575506210327
298555,53.199688,-27.810497,goods-s,2,Round Smooth,0.8017515540122986
299879,53.07281,-27.91443,goods-s,2,Round Smooth,0.9196123480796814
300058,53.08133,-27.912066,goods-s,3,In-between Round Smooth,0.9176876544952393
300844,53.136562,-27.893265,goods-s,3,In-between Round Smooth,0.9311304688453674
301445,53.132534,-27.883965,goods-s,2,Round Smooth,0.9139607548713684
301634,53.13888,-27.881605,goods-s,3,In-between Round Smooth,0.9126729965209961
307060,53.219055,-27.810797,goods-s,3,In-between Round Smooth,0.9304836392402649
307599,53.200947,-27.807615,goods-s,3,In-between Round Smooth,0.8357613682746887
308200,53.213398,-27.804426,goods-s,2,Round Smooth,0.9467464089393616
309263,53.22559,-27.799221,goods-s,4,Cigar Shaped Smooth,0.8625893592834473
309480,53.2037,-27.79811,goods-s,3,In-between Round Smooth,0.9860425591468811
310158,53.21031,-27.794697,goods-s,4,Cigar Shaped Smooth,0.9762623906135559
310617,53.208744,-27.792484,goods-s,4,Cigar Shaped Smooth,0.9887802004814148
311041,53.212456,-27.790579,goods-s,3,In-between Round Smooth,0.8755563497543335
335615,53.088238,-27.743244,goods-s,2,Round Smooth,0.8587788343429565
342474,53.038128,-27.9282,goods-s,2,Round Smooth,0.8708412647247314
342495,53.04433,-27.917385,goods-s,2,Round Smooth,0.890741765499115
342502,53.02463,-27.913853,goods-s,2,Round Smooth,0.9682578444480896
342509,53.04748,-27.933912,goods-s,2,Round Smooth,0.9880257844924927
342519,53.036537,-27.925798,goods-s,3,In-between Round Smooth,0.872763454914093
342520,53.046486,-27.925526,goods-s,4,Cigar Shaped Smooth,0.8505840301513672
342552,53.056553,-27.915403,goods-s,3,In-between Round Smooth,0.950639009475708
344027,53.03868,-27.919363,goods-s,3,In-between Round Smooth,0.9921318292617798
344347,53.063282,-27.916922,goods-s,4,Cigar Shaped Smooth,0.9250679612159729
345369,53.02792,-27.909286,goods-s,3,In-between Round Smooth,0.9514341950416565
376216,53.051666,-27.924164,goods-s,2,Round Smooth,0.8198304176330566
379306,53.155468,-27.791565,goods-s,2,Round Smooth,0.8970990180969238
390073,53.094894,-27.969692,goods-s,3,In-between Round Smooth,0.8225430250167847
390392,53.172894,-27.947737,goods-s,4,Cigar Shaped Smooth,0.9648334980010986
391821,52.98221,-27.861437,goods-s,3,In-between Round Smooth,0.8650898337364197
391822,52.972664,-27.85697,goods-s,4,Cigar Shaped Smooth,0.9264358282089233
392096,53.310215,-27.883736,goods-s,3,In-between Round Smooth,0.9693911075592041
392097,53.315186,-27.896606,goods-s,4,Cigar Shaped Smooth,0.980212926864624
392566,53.265583,-27.86737,goods-s,3,In-between Round Smooth,0.9764593243598938
392959,52.927624,-27.804903,goods-s,3,In-between Round Smooth,0.9199272394180298
393705,53.242577,-27.837128,goods-s,3,In-between Round Smooth,0.9462868571281433
394019,53.13278,-27.783216,goods-s,2,Round Smooth,0.8188844919204712
394928,53.03716,-27.740292,goods-s,2,Round Smooth,0.8436285853385925
395977,53.2852,-27.858768,goods-s,4,Cigar Shaped Smooth,0.8241478800773621
396174,53.038033,-27.79353,goods-s,4,Cigar Shaped Smooth,0.9796450138092041
396336,52.958054,-27.828129,goods-s,2,Round Smooth,0.9380732178688049
396341,52.955814,-27.830307,goods-s,3,In-between Round Smooth,0.9935110807418823
396391,53.27245,-27.87069,goods-s,2,Round Smooth,0.8997741341590881
396502,52.948685,-27.785769,goods-s,2,Round Smooth,0.9614977240562439
396568,53.141182,-27.721947,goods-s,3,In-between Round Smooth,0.9833645820617676
396587,52.992424,-27.751257,goods-s,3,In-between Round Smooth,0.8604850769042969
396723,53.231503,-27.832424,goods-s,3,In-between Round Smooth,0.8604915142059326
396803,53.029182,-27.839476,goods-s,2,Round Smooth,0.9003088474273682
397212,53.2987,-27.857822,goods-s,2,Round Smooth,0.9201833009719849
397666,53.24904,-27.860056,goods-s,3,In-between Round Smooth,0.9334137439727783
397894,53.005825,-27.779078,goods-s,2,Round Smooth,0.9229475855827332
398458,53.073143,-27.988636,goods-s,3,In-between Round Smooth,0.9386124014854431
398636,52.957855,-27.810808,goods-s,2,Round Smooth,0.8761169910430908
398898,53.238667,-27.851776,goods-s,2,Round Smooth,0.985251784324646
399104,53.247417,-27.819109,goods-s,3,In-between Round Smooth,0.9607258439064026
399480,53.03349,-27.832314,goods-s,4,Cigar Shaped Smooth,0.9920908808708191
399535,53.011665,-27.842953,goods-s,2,Round Smooth,0.9470705389976501
399538,53.011093,-27.843775,goods-s,4,Cigar Shaped Smooth,0.968211829662323
399764,53.05504,-27.711678,goods-s,2,Round Smooth,0.8999239802360535
399862,53.154858,-27.69127,goods-s,3,In-between Round Smooth,0.8688335418701172
399898,52.946636,-27.818415,goods-s,2,Round Smooth,0.8727809190750122
399901,52.946136,-27.817099,goods-s,3,In-between Round Smooth,0.8759487867355347
399956,53.301865,-27.880161,goods-s,3,In-between Round Smooth,0.9937455058097839
400003,52.93312,-27.833502,goods-s,4,Cigar Shaped Smooth,0.9821996092796326
400089,53.04406,-27.990036,goods-s,3,In-between Round Smooth,0.9835670590400696
400143,53.038418,-27.928577,goods-s,2,Round Smooth,0.8463860154151917
400803,52.96424,-27.825424,goods-s,2,Round Smooth,0.9017543792724609
400848,53.010185,-27.766335,goods-s,2,Round Smooth,0.888378381729126
400911,53.050854,-27.758423,goods-s,2,Round Smooth,0.9040219783782959
400915,53.050194,-27.759302,goods-s,3,In-between Round Smooth,0.8472288846969604
401160,53.0073,-27.890018,goods-s,3,In-between Round Smooth,0.9665026664733887
401472,52.969254,-27.781128,goods-s,2,Round Smooth,0.9403402209281921
401477,52.96974,-27.783995,goods-s,4,Cigar Shaped Smooth,0.9589700102806091
401524,53.062862,-27.72655,goods-s,2,Round Smooth,0.8809838891029358
401618,52.960117,-27.840466,goods-s,3,In-between Round Smooth,0.9646939635276794
401693,52.924488,-27.812376,goods-s,4,Cigar Shaped Smooth,0.9362475275993347
402119,52.946823,-27.848661,goods-s,4,Cigar Shaped Smooth,0.9815337657928467
402166,53.262123,-27.864262,goods-s,3,In-between Round Smooth,0.8019939064979553
402232,53.01903,-28.007856,goods-s,2,Round Smooth,0.8917440176010132
402566,52.97849,-27.841368,goods-s,2,Round Smooth,0.9857409596443176
402656,53.009365,-27.764894,goods-s,2,Round Smooth,0.8093433380126953
403329,53.03127,-28.0005,goods-s,4,Cigar Shaped Smooth,0.9139707088470459
404495,53.00568,-27.761305,goods-s,2,Round Smooth,0.9278063178062439
404612,53.28327,-27.85282,goods-s,2,Round Smooth,0.89103764295578
404775,53.046906,-27.738756,goods-s,2,Round Smooth,0.8003894686698914
404890,53.145954,-27.901506,goods-s,2,Round Smooth,0.8774465322494507
404929,53.132996,-27.957153,goods-s,4,Cigar Shaped Smooth,0.9892703890800476
405505,53.150642,-27.902508,goods-s,3,In-between Round Smooth,0.8877149820327759
405783,53.256207,-27.809408,goods-s,4,Cigar Shaped Smooth,0.9775063991546631
405909,53.245872,-27.861155,goods-s,2,Round Smooth,0.9072384834289551
406001,53.06352,-28.007862,goods-s,2,Round Smooth,0.9350825548171997
406395,52.947582,-27.821321,goods-s,2,Round Smooth,0.8977693915367126
406485,53.247524,-27.801682,goods-s,2,Round Smooth,0.9500249028205872
406524,53.253654,-27.849493,goods-s,4,Cigar Shaped Smooth,0.9419129490852356
407296,52.99301,-27.843935,goods-s,4,Cigar Shaped Smooth,0.8395060896873474
407434,53.266315,-27.813793,goods-s,2,Round Smooth,0.9898675084114075
407614,53.027058,-27.734428,goods-s,2,Round Smooth,0.832073450088501
407636,53.14213,-27.943344,goods-s,3,In-between Round Smooth,0.9620321393013
407920,53.161087,-27.933172,goods-s,2,Round Smooth,0.8842430114746094
408133,53.11995,-27.743217,goods-s,2,Round Smooth,0.8891727924346924
408412,53.116062,-27.92298,goods-s,2,Round Smooth,0.9700785279273987
408430,53.257782,-27.86678,goods-s,2,Round Smooth,0.9291139245033264
408554,53.00789,-27.823215,goods-s,2,Round Smooth,0.8459606766700745
408618,53.013466,-27.727962,goods-s,2,Round Smooth,0.9601301550865173
408673,53.159863,-27.691319,goods-s,2,Round Smooth,0.9662042260169983
408685,52.971294,-27.860249,goods-s,2,Round Smooth,0.9265811443328857
408903,53.053493,-27.77442,goods-s,3,In-between Round Smooth,0.9336808323860168
408985,53.018482,-27.785048,goods-s,2,Round Smooth,0.8666715025901794
409150,53.2549,-27.869286,goods-s,2,Round Smooth,0.9752304553985596
409186,53.190598,-27.684155,goods-s,2,Round Smooth,0.8703435063362122
409355,53.12916,-27.718372,goods-s,3,In-between Round Smooth,0.9797855615615845
409498,52.98559,-27.872879,goods-s,3,In-between Round Smooth,0.8060045838356018
409837,53.27804,-27.861406,goods-s,2,Round Smooth,0.9044962525367737
409854,53.166683,-27.942255,goods-s,3,In-between Round Smooth,0.8476841449737549
409885,53.283684,-27.87836,goods-s,3,In-between Round Smooth,0.9745391607284546
409939,53.141644,-27.80415,goods-s,2,Round Smooth,0.8574573397636414
410241,52.93499,-27.847185,goods-s,4,Cigar Shaped Smooth,0.9808366298675537
410317,52.988007,-27.77198,goods-s,3,In-between Round Smooth,0.9022647142410278
410452,52.987926,-27.795778,goods-s,3,In-between Round Smooth,0.8752462267875671
410567,53.16978,-27.660254,goods-s,2,Round Smooth,0.9176028966903687
410608,53.26233,-27.85283,goods-s,2,Round Smooth,0.8185464143753052
410820,53.028698,-27.702198,goods-s,2,Round Smooth,0.9791741371154785
410903,53.19295,-27.714403,goods-s,2,Round Smooth,0.8948667645454407
410975,52.9129,-27.832357,goods-s,2,Round Smooth,0.9258561134338379
411049,53.32352,-27.878445,goods-s,3,In-between Round Smooth,0.841117262840271
411161,53.07318,-27.931862,goods-s,3,In-between Round Smooth,0.8147128820419312
411286,53.08198,-27.933645,goods-s,2,Round Smooth,0.9401469826698303
411615,53.04361,-27.806095,goods-s,3,In-between Round Smooth,0.9833200573921204
411979,53.177353,-27.76401,goods-s,2,Round Smooth,0.9680190086364746
411993,53.02905,-27.795662,goods-s,2,Round Smooth,0.9401934742927551
412194,52.90713,-27.82694,goods-s,2,Round Smooth,0.8945044279098511
412195,52.908108,-27.826889,goods-s,3,In-between Round Smooth,0.9876947402954102
412253,53.019688,-27.704182,goods-s,3,In-between Round Smooth,0.8502132892608643
412301,53.141262,-27.710653,goods-s,2,Round Smooth,0.968902587890625
412382,52.9888,-27.760202,goods-s,3,In-between Round Smooth,0.9187613129615784
412410,52.930798,-27.827944,goods-s,3,In-between Round Smooth,0.9506511092185974
412762,53.158783,-27.687225,goods-s,2,Round Smooth,0.8636664748191833
412891,53.179783,-27.711767,goods-s,2,Round Smooth,0.8958504796028137
412942,52.97768,-27.776155,goods-s,2,Round Smooth,0.9939765334129333
413419,53.31691,-27.87653,goods-s,3,In-between Round Smooth,0.8102646470069885
413553,52.999035,-27.853947,goods-s,2,Round Smooth,0.8769803643226624
413622,53.021423,-27.730923,goods-s,2,Round Smooth,0.9748191237449646
413727,53.053978,-27.750847,goods-s,3,In-between Round Smooth,0.9731641411781311
413798,52.984577,-27.79587,goods-s,2,Round Smooth,0.9502868056297302
413841,53.027435,-27.843983,goods-s,2,Round Smooth,0.8925758004188538
414052,53.305893,-27.869019,goods-s,2,Round Smooth,0.8951838612556458
414250,53.16677,-27.68844,goods-s,3,In-between Round Smooth,0.9639672636985779
414254,53.256287,-27.881855,goods-s,4,Cigar Shaped Smooth,0.9150599837303162
414293,53.058407,-27.768177,goods-s,3,In-between Round Smooth,0.8583711385726929
414370,52.9916,-27.756756,goods-s,3,In-between Round Smooth,0.981378436088562
414622,53.15504,-27.924603,goods-s,4,Cigar Shaped Smooth,0.9539852738380432
414786,53.207767,-27.735706,goods-s,3,In-between Round Smooth,0.9072059988975525
414933,52.984512,-27.802921,goods-s,2,Round Smooth,0.8972654938697815
415007,53.021976,-27.899467,goods-s,3,In-between Round Smooth,0.9542965888977051
415009,53.043194,-27.808365,goods-s,4,Cigar Shaped Smooth,0.8614513278007507
415113,53.03485,-27.999989,goods-s,2,Round Smooth,0.819733738899231
415171,52.967735,-27.8341,goods-s,3,In-between Round Smooth,0.9061576724052429
415202,53.303295,-27.883097,goods-s,3,In-between Round Smooth,0.8258388042449951
415625,53.054276,-27.768087,goods-s,3,In-between Round Smooth,0.9359283447265625
415867,53.132698,-27.724918,goods-s,2,Round Smooth,0.8807582259178162
415977,53.05831,-27.97472,goods-s,3,In-between Round Smooth,0.8011875748634338
416312,52.956444,-27.853949,goods-s,3,In-between Round Smooth,0.8871963620185852
416327,53.183846,-27.676765,goods-s,3,In-between Round Smooth,0.9571929574012756
416330,52.965904,-27.822104,goods-s,4,Cigar Shaped Smooth,0.8251464366912842
416433,52.980682,-27.819952,goods-s,3,In-between Round Smooth,0.9861782193183899
416472,53.007313,-27.811167,goods-s,4,Cigar Shaped Smooth,0.8844977021217346
416514,52.99873,-27.763838,goods-s,4,Cigar Shaped Smooth,0.9761470556259155
416595,52.981815,-27.73345,goods-s,2,Round Smooth,0.9646914601325989
416811,52.92633,-27.844498,goods-s,3,In-between Round Smooth,0.9593790173530579
416879,52.988243,-27.907902,goods-s,3,In-between Round Smooth,0.8835763335227966
417148,53.173412,-27.715042,goods-s,3,In-between Round Smooth,0.9705272316932678
417208,52.95694,-27.797724,goods-s,2,Round Smooth,0.9802533388137817
417289,52.994514,-27.817486,goods-s,2,Round Smooth,0.9731023907661438
417337,53.052006,-27.74396,goods-s,2,Round Smooth,0.9705483317375183
417342,53.174507,-27.667734,goods-s,3,In-between Round Smooth,0.902707040309906
417398,53.037086,-27.992096,goods-s,4,Cigar Shaped Smooth,0.8893361687660217
417508,53.306858,-27.854292,goods-s,2,Round Smooth,0.9530569314956665
417682,53.012154,-27.800497,goods-s,2,Round Smooth,0.9875692129135132
417729,53.030033,-27.890461,goods-s,4,Cigar Shaped Smooth,0.8641329407691956
417733,52.965157,-27.853552,goods-s,3,In-between Round Smooth,0.8877696990966797
417776,53.16478,-27.900232,goods-s,2,Round Smooth,0.968629777431488
417885,53.0336,-27.78812,goods-s,4,Cigar Shaped Smooth,0.8973132967948914
417887,53.021137,-27.733377,goods-s,2,Round Smooth,0.8551433682441711
417999,52.98048,-27.817144,goods-s,2,Round Smooth,0.848164439201355
418178,53.03742,-28.003704,goods-s,3,In-between Round Smooth,0.873897135257721
418284,53.01717,-27.808548,goods-s,3,In-between Round Smooth,0.886349081993103
418478,53.169613,-27.885067,goods-s,3,In-between Round Smooth,0.9694713354110718
418632,53.260944,-27.852228,goods-s,2,Round Smooth,0.855013906955719
418645,52.928417,-27.810253,goods-s,4,Cigar Shaped Smooth,0.9072268009185791
418681,53.049583,-27.71814,goods-s,3,In-between Round Smooth,0.8212628960609436
418749,52.999435,-27.814434,goods-s,2,Round Smooth,0.9420645833015442
418770,53.071518,-27.947897,goods-s,3,In-between Round Smooth,0.8204010128974915
419098,53.005867,-27.79504,goods-s,3,In-between Round Smooth,0.8191323280334473
419134,53.027477,-27.77661,goods-s,3,In-between Round Smooth,0.8543345332145691
419388,53.161102,-27.87856,goods-s,3,In-between Round Smooth,0.837935209274292
419437,53.049683,-28.005909,goods-s,2,Round Smooth,0.9697874784469604
419446,53.1564,-27.947695,goods-s,2,Round Smooth,0.9252520203590393
419561,53.037136,-27.729065,goods-s,3,In-between Round Smooth,0.937822163105011
419670,52.945736,-27.833736,goods-s,3,In-between Round Smooth,0.9511673450469971
419732,53.278664,-27.847734,goods-s,3,In-between Round Smooth,0.9509668350219727
419735,53.163258,-27.724813,goods-s,2,Round Smooth,0.9847916960716248
419746,52.985043,-27.901352,goods-s,4,Cigar Shaped Smooth,0.9575238823890686
419837,53.293045,-27.876678,goods-s,3,In-between Round Smooth,0.9043134450912476
419868,53.071266,-27.93672,goods-s,3,In-between Round Smooth,0.9451666474342346
419887,52.9766,-27.913769,goods-s,3,In-between Round Smooth,0.8928099870681763
420030,52.967854,-27.915823,goods-s,2,Round Smooth,0.9768579602241516
420107,52.982098,-27.855896,goods-s,4,Cigar Shaped Smooth,0.8436035513877869
420164,52.963917,-27.869846,goods-s,3,In-between Round Smooth,0.8199358582496643
420646,52.93747,-27.857914,goods-s,4,Cigar Shaped Smooth,0.9914823174476624
420735,53.242275,-27.797937,goods-s,3,In-between Round Smooth,0.9901267886161804
420743,53.189594,-27.706682,goods-s,2,Round Smooth,0.8275923132896423
420755,53.053665,-28.00275,goods-s,2,Round Smooth,0.8225242495536804
420791,52.996483,-27.756992,goods-s,4,Cigar Shaped Smooth,0.9835436940193176
420847,53.28726,-27.888712,goods-s,2,Round Smooth,0.9247250556945801
420944,53.01454,-27.840895,goods-s,2,Round Smooth,0.8460817337036133
420960,53.23957,-27.83821,goods-s,4,Cigar Shaped Smooth,0.9551429152488708
420964,53.01461,-27.774618,goods-s,2,Round Smooth,0.9221227765083313
420970,52.97266,-27.818508,goods-s,3,In-between Round Smooth,0.9472044706344604
420994,52.995342,-27.806866,goods-s,3,In-between Round Smooth,0.9310614466667175
421063,53.183147,-27.689663,goods-s,2,Round Smooth,0.9265838861465454
421200,53.13223,-27.722185,goods-s,4,Cigar Shaped Smooth,0.9307754635810852
421236,52.997864,-27.8311,goods-s,3,In-between Round Smooth,0.8465466499328613
421347,53.03836,-27.825335,goods-s,2,Round Smooth,0.9444791078567505
421461,52.981808,-27.838945,goods-s,3,In-between Round Smooth,0.9353929162025452
421466,53.139774,-27.920504,goods-s,3,In-between Round Smooth,0.8843966126441956
421779,53.078182,-27.980013,goods-s,3,In-between Round Smooth,0.829670786857605
421849,53.186123,-27.731106,goods-s,3,In-between Round Smooth,0.866619884967804
422133,52.97535,-27.773363,goods-s,3,In-between Round Smooth,0.9077962636947632
422139,53.015682,-27.896996,goods-s,2,Round Smooth,0.8613543510437012
422162,52.982346,-27.767197,goods-s,2,Round Smooth,0.8028925061225891
422251,53.190437,-27.691923,goods-s,3,In-between Round Smooth,0.9603707194328308
422387,53.150494,-27.889072,goods-s,3,In-between Round Smooth,0.8964933753013611
422443,52.9634,-27.828815,goods-s,4,Cigar Shaped Smooth,0.9084190130233765
422482,52.98327,-27.90241,goods-s,4,Cigar Shaped Smooth,0.9257026314735413
422484,52.919415,-27.840073,goods-s,4,Cigar Shaped Smooth,0.8917757272720337
422496,53.179794,-27.683737,goods-s,2,Round Smooth,0.9394791722297668
422590,53.15287,-27.66527,goods-s,3,In-between Round Smooth,0.9113930463790894
422664,53.01472,-27.696299,goods-s,4,Cigar Shaped Smooth,0.9642468690872192
422720,53.007477,-27.773642,goods-s,2,Round Smooth,0.8308188319206238
422862,53.039883,-28.000347,goods-s,3,In-between Round Smooth,0.8290809392929077
422883,53.29939,-27.867224,goods-s,3,In-between Round Smooth,0.8429190516471863
422948,53.041794,-27.826311,goods-s,3,In-between Round Smooth,0.8489047884941101
422973,53.02718,-27.803276,goods-s,3,In-between Round Smooth,0.845962405204773
423048,52.92378,-27.832973,goods-s,4,Cigar Shaped Smooth,0.8426287174224854
423115,53.158173,-27.885612,goods-s,2,Round Smooth,0.8985481858253479
423124,53.014275,-27.698511,goods-s,3,In-between Round Smooth,0.8066461682319641
423227,53.015877,-27.732353,goods-s,3,In-between Round Smooth,0.9685482978820801
423423,53.174763,-27.687548,goods-s,4,Cigar Shaped Smooth,0.8940746784210205
423469,53.305202,-27.8646,goods-s,3,In-between Round Smooth,0.8879318833351135
423547,53.01,-27.78885,goods-s,3,In-between Round Smooth,0.937641441822052
423716,52.95637,-27.821838,goods-s,3,In-between Round Smooth,0.871052086353302
423766,52.97992,-27.761179,goods-s,4,Cigar Shaped Smooth,0.9902824759483337
423826,53.244617,-27.868456,goods-s,3,In-between Round Smooth,0.9313232898712158
423886,52.984467,-27.7809,goods-s,4,Cigar Shaped Smooth,0.9615645408630371
423922,53.32664,-27.869623,goods-s,3,In-between Round Smooth,0.8284537196159363
423946,52.922035,-27.843636,goods-s,2,Round Smooth,0.9870650768280029
424137,53.233967,-27.865452,goods-s,4,Cigar Shaped Smooth,0.945387601852417
424196,52.97007,-27.844471,goods-s,3,In-between Round Smooth,0.9389975070953369
424221,52.988342,-27.809866,goods-s,4,Cigar Shaped Smooth,0.9842562079429626
424225,53.17231,-27.9393,goods-s,2,Round Smooth,0.8165258169174194
424242,52.9781,-27.842516,goods-s,2,Round Smooth,0.9003217220306396
424254,53.003082,-27.84759,goods-s,4,Cigar Shaped Smooth,0.898044764995575
424270,52.945927,-27.805649,goods-s,2,Round Smooth,0.9280634522438049
424333,53.035736,-28.015823,goods-s,3,In-between Round Smooth,0.9139509201049805
424377,53.14809,-27.903833,goods-s,3,In-between Round Smooth,0.8373633027076721
424378,53.17066,-27.945824,goods-s,4,Cigar Shaped Smooth,0.9400631189346313
424505,53.022545,-27.74153,goods-s,3,In-between Round Smooth,0.8291205763816833
424517,52.921803,-27.81906,goods-s,2,Round Smooth,0.8348376750946045
424636,53.004383,-27.914793,goods-s,3,In-between Round Smooth,0.9632012248039246
424696,53.320885,-27.866241,goods-s,2,Round Smooth,0.972845733165741
424830,53.006844,-27.839022,goods-s,2,Round Smooth,0.9546111822128296
424842,53.031025,-27.830898,goods-s,3,In-between Round Smooth,0.8556864261627197
424963,52.985405,-27.787085,goods-s,3,In-between Round Smooth,0.9528553485870361
424978,52.95932,-27.822742,goods-s,3,In-between Round Smooth,0.9498385190963745
425114,52.955395,-27.785116,goods-s,2,Round Smooth,0.9367217421531677
425163,52.948326,-27.824165,goods-s,3,In-between Round Smooth,0.9535796046257019
425167,53.229034,-27.814966,goods-s,4,Cigar Shaped Smooth,0.9302757978439331
425274,53.011333,-27.78829,goods-s,2,Round Smooth,0.8435133695602417
425301,53.012695,-27.747326,goods-s,2,Round Smooth,0.8364999294281006
425320,53.108845,-27.976748,goods-s,2,Round Smooth,0.9809041619300842
425345,52.93957,-27.79322,goods-s,4,Cigar Shaped Smooth,0.9499219655990601
425395,52.990692,-27.835688,goods-s,2,Round Smooth,0.9565179347991943
425451,53.00303,-27.819803,goods-s,3,In-between Round Smooth,0.9440879225730896
425470,53.174633,-27.68223,goods-s,3,In-between Round Smooth,0.9454202055931091
425486,52.954063,-27.854145,goods-s,3,In-between Round Smooth,0.9615924954414368
425529,52.98736,-27.794727,goods-s,3,In-between Round Smooth,0.8330597281455994
425907,53.07489,-27.964346,goods-s,4,Cigar Shaped Smooth,0.8820962905883789
425922,53.030113,-27.806198,goods-s,4,Cigar Shaped Smooth,0.9951293468475342
425945,53.017162,-27.846548,goods-s,2,Round Smooth,0.8625490069389343
426005,52.979183,-27.91971,goods-s,2,Round Smooth,0.8069156408309937
426009,53.140923,-27.946589,goods-s,3,In-between Round Smooth,0.930209755897522
426103,53.078106,-27.940554,goods-s,4,Cigar Shaped Smooth,0.8892393708229065
426179,53.1661,-27.892038,goods-s,4,Cigar Shaped Smooth,0.9378554224967957
426219,53.085743,-27.981115,goods-s,3,In-between Round Smooth,0.9653857946395874
426220,53.146996,-27.709858,goods-s,3,In-between Round Smooth,0.9607210159301758
426265,53.017437,-27.706356,goods-s,3,In-between Round Smooth,0.9673725366592407
426490,52.99776,-27.907316,goods-s,2,Round Smooth,0.9508016705513
426546,52.919415,-27.832193,goods-s,3,In-between Round Smooth,0.8565219044685364
426658,53.117073,-27.970854,goods-s,2,Round Smooth,0.9430832862854004
426704,53.012802,-27.729935,goods-s,3,In-between Round Smooth,0.935907781124115
426721,53.06762,-27.935862,goods-s,4,Cigar Shaped Smooth,0.9788911938667297
426834,53.026367,-27.997536,goods-s,2,Round Smooth,0.9539632201194763
426902,53.08806,-27.940838,goods-s,3,In-between Round Smooth,0.9838283658027649
427007,52.966774,-27.830538,goods-s,3,In-between Round Smooth,0.9601350426673889
427106,53.023056,-27.788841,goods-s,4,Cigar Shaped Smooth,0.8841116428375244
427107,53.02298,-27.788998,goods-s,4,Cigar Shaped Smooth,0.9171874523162842
427124,53.043423,-27.996613,goods-s,3,In-between Round Smooth,0.9276005029678345
427125,52.96659,-27.870958,goods-s,2,Round Smooth,0.8114240765571594
427147,53.164177,-27.695414,goods-s,4,Cigar Shaped Smooth,0.9098925590515137
427155,53.071445,-27.959423,goods-s,3,In-between Round Smooth,0.8937212824821472
427291,53.010834,-27.851166,goods-s,2,Round Smooth,0.9403923749923706
427501,52.961067,-27.833967,goods-s,2,Round Smooth,0.9149322509765625
427569,53.243195,-27.805042,goods-s,3,In-between Round Smooth,0.9887254238128662
427636,53.038925,-27.996899,goods-s,2,Round Smooth,0.9485548734664917
427702,53.056843,-27.780521,goods-s,4,Cigar Shaped Smooth,0.9846490621566772
427726,53.185955,-27.707441,goods-s,4,Cigar Shaped Smooth,0.8826467394828796
427753,53.029808,-27.708162,goods-s,3,In-between Round Smooth,0.9514023661613464
427796,53.037964,-28.00574,goods-s,3,In-between Round Smooth,0.9729133248329163
427800,53.185005,-27.712706,goods-s,3,In-between Round Smooth,0.9522538781166077
427801,52.979298,-27.916765,goods-s,4,Cigar Shaped Smooth,0.9319373369216919
427823,52.94295,-27.788664,goods-s,3,In-between Round Smooth,0.8269981145858765
427915,52.98146,-27.904123,goods-s,4,Cigar Shaped Smooth,0.9588339924812317
428013,53.085304,-27.990618,goods-s,3,In-between Round Smooth,0.8625402450561523
428032,53.015606,-27.72313,goods-s,3,In-between Round Smooth,0.9763006567955017
428064,53.09951,-27.970407,goods-s,3,In-between Round Smooth,0.8836707472801208
428142,52.988686,-27.837387,goods-s,4,Cigar Shaped Smooth,0.9707341194152832
428210,52.94715,-27.826561,goods-s,3,In-between Round Smooth,0.9554409384727478
428230,53.156322,-27.897463,goods-s,3,In-between Round Smooth,0.9136365056037903
428269,53.052773,-28.000349,goods-s,2,Round Smooth,0.9166120886802673
428400,53.30489,-27.86349,goods-s,3,In-between Round Smooth,0.9634098410606384
428434,53.05396,-27.75476,goods-s,4,Cigar Shaped Smooth,0.8500779271125793
428519,53.041283,-27.786955,goods-s,3,In-between Round Smooth,0.9795852899551392
428542,53.024647,-27.722202,goods-s,2,Round Smooth,0.868229866027832
428579,53.029285,-28.01393,goods-s,3,In-between Round Smooth,0.9654361605644226
428584,53.092415,-27.9845,goods-s,3,In-between Round Smooth,0.960486114025116
428622,53.059277,-27.937904,goods-s,4,Cigar Shaped Smooth,0.9483023881912231
428674,53.166435,-27.661184,goods-s,3,In-between Round Smooth,0.8538637161254883
428678,53.171688,-27.921879,goods-s,4,Cigar Shaped Smooth,0.9825867414474487
428689,53.10728,-27.982796,goods-s,2,Round Smooth,0.9864365458488464
428727,52.998943,-27.828901,goods-s,4,Cigar Shaped Smooth,0.9338093996047974
428734,52.96552,-27.863127,goods-s,3,In-between Round Smooth,0.9796711206436157
428772,53.136593,-27.72758,goods-s,4,Cigar Shaped Smooth,0.9269971251487732
428900,52.98688,-27.909542,goods-s,3,In-between Round Smooth,0.9769812226295471
428939,53.130314,-27.960701,goods-s,4,Cigar Shaped Smooth,0.9947312474250793
428943,52.985992,-27.840096,goods-s,2,Round Smooth,0.9875710606575012
429051,53.199696,-27.727201,goods-s,4,Cigar Shaped Smooth,0.9681184887886047
429103,52.933815,-27.82164,goods-s,3,In-between Round Smooth,0.9948366284370422
429130,53.059532,-27.93503,goods-s,4,Cigar Shaped Smooth,0.9452171921730042
429203,53.013206,-27.697502,goods-s,4,Cigar Shaped Smooth,0.9387763142585754
429405,53.02891,-27.713823,goods-s,3,In-between Round Smooth,0.9711729884147644
429781,53.161617,-27.714142,goods-s,4,Cigar Shaped Smooth,0.9672831892967224
429954,53.015812,-27.782326,goods-s,3,In-between Round Smooth,0.8159035444259644
429985,53.081024,-28.01436,goods-s,4,Cigar Shaped Smooth,0.800451934337616
430058,52.929264,-27.84539,goods-s,3,In-between Round Smooth,0.9466327428817749
430068,53.180122,-27.672832,goods-s,3,In-between Round Smooth,0.8770030736923218
430115,53.000927,-27.732973,goods-s,3,In-between Round Smooth,0.827892005443573
430132,53.19312,-27.719704,goods-s,4,Cigar Shaped Smooth,0.9949199557304382
430150,53.173527,-27.684364,goods-s,4,Cigar Shaped Smooth,0.9485664963722229
430153,53.16026,-27.93899,goods-s,3,In-between Round Smooth,0.9246793985366821
430178,53.023857,-27.69957,goods-s,3,In-between Round Smooth,0.9474444389343262
430180,53.17451,-27.683414,goods-s,3,In-between Round Smooth,0.9801498651504517
430183,53.175858,-27.66972,goods-s,4,Cigar Shaped Smooth,0.9212524890899658
430206,53.171288,-27.9205,goods-s,3,In-between Round Smooth,0.9891161322593689
430214,53.012005,-27.892088,goods-s,3,In-between Round Smooth,0.8989726901054382
430229,53.174877,-27.72428,goods-s,4,Cigar Shaped Smooth,0.9424473643302917
430250,52.94389,-27.859741,goods-s,3,In-between Round Smooth,0.8875513672828674
430583,52.988678,-27.910969,goods-s,4,Cigar Shaped Smooth,0.9932412505149841
430720,52.978603,-27.817131,goods-s,4,Cigar Shaped Smooth,0.8894609212875366
430723,53.192238,-27.688923,goods-s,3,In-between Round Smooth,0.9086470007896423
430755,53.136387,-27.939262,goods-s,3,In-between Round Smooth,0.9610291123390198
430758,53.020157,-27.781635,goods-s,4,Cigar Shaped Smooth,0.8298910856246948
430804,53.070755,-28.002264,goods-s,3,In-between Round Smooth,0.9777351021766663
430893,53.037098,-27.796944,goods-s,2,Round Smooth,0.901341438293457
430902,52.96971,-27.92317,goods-s,4,Cigar Shaped Smooth,0.9605002999305725
430914,53.007973,-27.74531,goods-s,3,In-between Round Smooth,0.9735682010650635
430988,53.00768,-27.724243,goods-s,2,Round Smooth,0.8316822052001953
431077,53.05798,-27.935526,goods-s,4,Cigar Shaped Smooth,0.9765478372573853
431136,53.072598,-27.994968,goods-s,4,Cigar Shaped Smooth,0.9856035709381104
431172,52.984486,-27.908875,goods-s,3,In-between Round Smooth,0.9583019018173218
431195,53.04133,-27.783253,goods-s,2,Round Smooth,0.9170058369636536
431330,53.0887,-28.003922,goods-s,4,Cigar Shaped Smooth,0.9223546385765076
431391,53.03517,-28.0017,goods-s,3,In-between Round Smooth,0.9234851002693176
431410,53.049458,-27.841963,goods-s,2,Round Smooth,0.9274968504905701
431426,53.08593,-27.960682,goods-s,3,In-between Round Smooth,0.9569971561431885
431493,53.192665,-27.69003,goods-s,3,In-between Round Smooth,0.9572152495384216
431642,53.00801,-27.856398,goods-s,3,In-between Round Smooth,0.8001213073730469
431741,53.112865,-27.983606,goods-s,3,In-between Round Smooth,0.8325773477554321
431751,53.161774,-27.673115,goods-s,4,Cigar Shaped Smooth,0.8342356085777283
431792,53.04646,-27.942152,goods-s,4,Cigar Shaped Smooth,0.9668333530426025
431797,52.921837,-27.824333,goods-s,3,In-between Round Smooth,0.9030393362045288
431810,53.114452,-27.98365,goods-s,3,In-between Round Smooth,0.9407860040664673
431955,53.033047,-27.998856,goods-s,3,In-between Round Smooth,0.970546543598175
431962,53.207096,-27.827662,goods-s,4,Cigar Shaped Smooth,0.8876582980155945
432005,52.956596,-27.79328,goods-s,4,Cigar Shaped Smooth,0.9953482151031494
432026,53.187798,-27.678076,goods-s,3,In-between Round Smooth,0.969177782535553
432063,53.09464,-27.974115,goods-s,3,In-between Round Smooth,0.8223945498466492
432074,53.194252,-27.708702,goods-s,3,In-between Round Smooth,0.98677659034729
432079,53.03398,-27.786844,goods-s,4,Cigar Shaped Smooth,0.980109453201294
432179,53.149685,-27.665998,goods-s,3,In-between Round Smooth,0.9117230176925659
432180,53.039204,-28.014648,goods-s,3,In-between Round Smooth,0.8319297432899475
432183,52.989258,-27.747362,goods-s,3,In-between Round Smooth,0.8863776922225952
432184,53.011826,-27.739906,goods-s,4,Cigar Shaped Smooth,0.9393026232719421
432216,52.94558,-27.85903,goods-s,4,Cigar Shaped Smooth,0.976314127445221
432278,53.141453,-27.714197,goods-s,4,Cigar Shaped Smooth,0.9903505444526672
432289,52.993427,-27.726925,goods-s,3,In-between Round Smooth,0.8084918856620789
432347,52.981133,-27.815783,goods-s,2,Round Smooth,0.8981071710586548
432362,53.064808,-27.962675,goods-s,3,In-between Round Smooth,0.9435445070266724
432395,53.0655,-27.949537,goods-s,3,In-between Round Smooth,0.8938355445861816
432614,53.193188,-27.706823,goods-s,2,Round Smooth,0.8909053802490234
432622,52.9947,-27.802946,goods-s,2,Round Smooth,0.9647547602653503
432660,53.06948,-27.95618,goods-s,4,Cigar Shaped Smooth,0.877060055732727
432704,53.07691,-27.946007,goods-s,3,In-between Round Smooth,0.9642561078071594
432753,53.109264,-27.973946,goods-s,3,In-between Round Smooth,0.8945526480674744
432755,53.169987,-27.667685,goods-s,4,Cigar Shaped Smooth,0.9648969173431396
432843,53.0111,-27.914797,goods-s,3,In-between Round Smooth,0.9539535045623779
432893,53.18439,-27.689661,goods-s,3,In-between Round Smooth,0.9414224028587341
432936,53.115963,-27.950243,goods-s,4,Cigar Shaped Smooth,0.9513370990753174
432942,52.984104,-27.743183,goods-s,3,In-between Round Smooth,0.9411630630493164
433026,53.058834,-27.941133,goods-s,4,Cigar Shaped Smooth,0.9779989123344421
433129,53.09334,-27.957914,goods-s,2,Round Smooth,0.8218944072723389
433175,53.16439,-27.690674,goods-s,2,Round Smooth,0.9928492903709412
433176,53.164356,-27.690706,goods-s,2,Round Smooth,0.9904261231422424
433381,53.068974,-27.928078,goods-s,3,In-between Round Smooth,0.910315990447998
433453,53.013756,-27.75326,goods-s,2,Round Smooth,0.9138497114181519
433465,53.113976,-27.977943,goods-s,4,Cigar Shaped Smooth,0.9917889833450317
433556,53.088867,-27.988682,goods-s,4,Cigar Shaped Smooth,0.9560901522636414
433646,53.083378,-28.00258,goods-s,3,In-between Round Smooth,0.9760785698890686
433647,53.183315,-27.664974,goods-s,4,Cigar Shaped Smooth,0.9722030758857727
433655,53.090366,-27.936405,goods-s,4,Cigar Shaped Smooth,0.9885336756706238
433698,53.085636,-27.956455,goods-s,3,In-between Round Smooth,0.8843509554862976
433741,53.176205,-27.660162,goods-s,2,Round Smooth,0.9635919332504272
433844,53.113514,-27.96977,goods-s,4,Cigar Shaped Smooth,0.9508928060531616
433900,53.076813,-27.939022,goods-s,4,Cigar Shaped Smooth,0.9231967329978943
434112,53.11728,-27.71903,goods-s,3,In-between Round Smooth,0.9746951460838318
434144,53.029663,-27.996208,goods-s,2,Round Smooth,0.9676763415336609
434189,53.17623,-27.712463,goods-s,3,In-between Round Smooth,0.9908864498138428
434261,52.987904,-27.912376,goods-s,2,Round Smooth,0.8765919208526611
434296,53.02791,-27.78291,goods-s,4,Cigar Shaped Smooth,0.9772765040397644
434307,52.97315,-27.923582,goods-s,2,Round Smooth,0.9151571393013
434320,53.083836,-28.015789,goods-s,3,In-between Round Smooth,0.9703303575515747
434340,53.04125,-28.002357,goods-s,2,Round Smooth,0.9534891843795776
434350,53.026062,-27.746916,goods-s,2,Round Smooth,0.9071197509765625
434385,53.11323,-27.98788,goods-s,3,In-between Round Smooth,0.9723518490791321
434468,53.04127,-27.831018,goods-s,3,In-between Round Smooth,0.9812619686126709
434516,53.16733,-27.67097,goods-s,4,Cigar Shaped Smooth,0.8977032899856567
434680,53.002277,-27.886694,goods-s,2,Round Smooth,0.8942567706108093
434700,53.011597,-27.752295,goods-s,3,In-between Round Smooth,0.9912119507789612
434798,53.023643,-27.784962,goods-s,3,In-between Round Smooth,0.9904346466064453
435002,53.17701,-27.722738,goods-s,2,Round Smooth,0.9067569971084595
435115,52.985855,-27.92992,goods-s,4,Cigar Shaped Smooth,0.8074864149093628
435121,53.08751,-28.009928,goods-s,3,In-between Round Smooth,0.9721452593803406
435169,53.19017,-27.716578,goods-s,4,Cigar Shaped Smooth,0.9481366276741028
435297,53.06233,-27.949245,goods-s,3,In-between Round Smooth,0.9761164784431458
435478,53.11296,-27.966768,goods-s,2,Round Smooth,0.988169252872467
435539,53.115654,-27.976803,goods-s,3,In-between Round Smooth,0.9183117747306824
435657,52.993664,-27.917582,goods-s,3,In-between Round Smooth,0.9547081589698792
435694,53.163754,-27.664835,goods-s,3,In-between Round Smooth,0.9258430004119873
435762,53.013485,-27.79219,goods-s,4,Cigar Shaped Smooth,0.98539137840271
435932,53.04303,-28.031588,goods-s,3,In-between Round Smooth,0.9506229162216187
435967,53.066833,-27.960888,goods-s,3,In-between Round Smooth,0.961135745048523
435974,53.124153,-27.960873,goods-s,3,In-between Round Smooth,0.9809120297431946
436113,53.01204,-27.880331,goods-s,2,Round Smooth,0.9182103872299194
436184,53.070816,-28.016516,goods-s,3,In-between Round Smooth,0.9834175705909729
436217,53.02315,-27.771982,goods-s,2,Round Smooth,0.9244205355644226
436251,53.07314,-27.994038,goods-s,3,In-between Round Smooth,0.9364240169525146
436264,53.17382,-27.668827,goods-s,3,In-between Round Smooth,0.8658367395401001
436336,53.035904,-27.991499,goods-s,2,Round Smooth,0.8968926668167114
436484,53.064106,-28.012703,goods-s,2,Round Smooth,0.9934799671173096
436572,53.041107,-28.016645,goods-s,4,Cigar Shaped Smooth,0.9766709208488464
436662,53.002415,-27.919275,goods-s,3,In-between Round Smooth,0.9462060928344727
436781,53.18784,-27.713482,goods-s,3,In-between Round Smooth,0.9913234710693359
436891,53.18816,-27.708006,goods-s,2,Round Smooth,0.9501325488090515
437045,53.07621,-27.933352,goods-s,2,Round Smooth,0.9851146936416626
437171,53.06284,-27.978241,goods-s,3,In-between Round Smooth,0.860865592956543
437303,53.180702,-27.658936,goods-s,2,Round Smooth,0.9832021594047546
437318,53.081043,-27.95414,goods-s,3,In-between Round Smooth,0.9001339673995972
437404,53.13034,-27.965103,goods-s,3,In-between Round Smooth,0.9270334839820862
437818,52.987625,-27.916693,goods-s,3,In-between Round Smooth,0.9443912506103516
437918,53.027973,-27.775093,goods-s,3,In-between Round Smooth,0.9683374166488647
437944,53.024876,-27.774206,goods-s,3,In-between Round Smooth,0.9677350521087646
437950,53.072483,-28.015146,goods-s,3,In-between Round Smooth,0.9105565547943115
437999,53.0303,-27.70396,goods-s,2,Round Smooth,0.8468500971794128
438082,53.0831,-27.927666,goods-s,2,Round Smooth,0.9715195298194885
438327,53.029068,-27.996977,goods-s,3,In-between Round Smooth,0.8237792253494263
438449,53.041195,-28.006453,goods-s,3,In-between Round Smooth,0.9868435859680176
438451,53.081745,-27.95794,goods-s,2,Round Smooth,0.980741024017334
438534,53.005707,-27.922005,goods-s,3,In-between Round Smooth,0.8907075524330139
439055,53.035152,-28.006874,goods-s,3,In-between Round Smooth,0.9484161734580994
439451,53.087906,-27.717318,goods-s,2,Round Smooth,0.8358171582221985
440031,53.111797,-27.960888,goods-s,3,In-between Round Smooth,0.991517961025238
440065,53.00928,-27.79467,goods-s,2,Round Smooth,0.9811421036720276
440078,53.023945,-27.901524,goods-s,3,In-between Round Smooth,0.9776266813278198
440575,53.009327,-27.918457,goods-s,3,In-between Round Smooth,0.9728673100471497
440645,53.09555,-27.998228,goods-s,2,Round Smooth,0.954387903213501
440866,53.037357,-27.794863,goods-s,4,Cigar Shaped Smooth,0.8328317403793335
440870,52.975113,-27.920185,goods-s,3,In-between Round Smooth,0.8495147228240967
441795,53.10223,-27.95359,goods-s,3,In-between Round Smooth,0.9939849972724915
447197,52.986374,-27.917519,goods-s,2,Round Smooth,0.8539999127388
1001677,189.0399,62.22741,goods-n,4,Cigar Shaped Smooth,0.98870450258255
1002091,189.04803,62.22949,goods-n,2,Round Smooth,0.8997220993041992
1002707,189.17624,62.23224,goods-n,3,In-between Round Smooth,0.9435179233551025
1002715,189.19179,62.232338,goods-n,3,In-between Round Smooth,0.8951282501220703
1003541,189.20227,62.23552,goods-n,2,Round Smooth,0.9647300243377686
1003574,189.21411,62.235607,goods-n,3,In-between Round Smooth,0.8795031309127808
1004732,189.18655,62.239532,goods-n,4,Cigar Shaped Smooth,0.9667247533798218
1005458,189.13666,62.241833,goods-n,3,In-between Round Smooth,0.9693939685821533
1005516,189.18083,62.242065,goods-n,4,Cigar Shaped Smooth,0.9175968170166016
1006736,189.26183,62.245544,goods-n,3,In-between Round Smooth,0.9609265327453613
1008707,189.16684,62.251434,goods-n,4,Cigar Shaped Smooth,0.9432299733161926
1009340,189.08005,62.253548,goods-n,2,Round Smooth,0.9478118419647217
1009559,189.10081,62.254044,goods-n,3,In-between Round Smooth,0.9785078763961792
1011642,189.19005,62.263226,goods-n,3,In-between Round Smooth,0.9480977654457092
1012071,189.11064,62.2645,goods-n,3,In-between Round Smooth,0.9902156591415405
1012337,189.09843,62.265636,goods-n,3,In-between Round Smooth,0.9766246676445007
1013512,189.18973,62.270462,goods-n,3,In-between Round Smooth,0.9608493447303772
1016395,189.17502,62.280014,goods-n,3,In-between Round Smooth,0.9218483567237854
1016464,189.13252,62.28031,goods-n,3,In-between Round Smooth,0.9670525193214417
1017143,189.17448,62.28262,goods-n,2,Round Smooth,0.9203389883041382
1017922,189.07616,62.284904,goods-n,3,In-between Round Smooth,0.8366711735725403
1018321,189.17818,62.28606,goods-n,3,In-between Round Smooth,0.853478729724884
1019312,189.09087,62.28876,goods-n,3,In-between Round Smooth,0.9509432315826416
1020293,188.98814,62.29173,goods-n,3,In-between Round Smooth,0.9725152254104614
1020783,189.01178,62.293427,goods-n,3,In-between Round Smooth,0.9489784240722656
1022815,189.17232,62.30242,goods-n,2,Round Smooth,0.9392079710960388
1023128,189.1422,62.304382,goods-n,2,Round Smooth,0.9858357310295105
1023295,189.04187,62.30525,goods-n,3,In-between Round Smooth,0.9661716222763062
1023783,189.18315,62.309246,goods-n,3,In-between Round Smooth,0.9091588854789734
1023872,189.18066,62.310253,goods-n,3,In-between Round Smooth,0.9936902523040771
1024003,189.15755,62.311577,goods-n,4,Cigar Shaped Smooth,0.8602564334869385
1024151,189.1434,62.313877,goods-n,3,In-between Round Smooth,0.8000312447547913
1024223,189.15004,62.314995,goods-n,3,In-between Round Smooth,0.9067054986953735
1024427,189.13208,62.21369,goods-n,4,Cigar Shaped Smooth,0.9566830396652222
1024755,189.16864,62.22308,goods-n,3,In-between Round Smooth,0.9893485903739929
1024881,189.08643,62.22456,goods-n,4,Cigar Shaped Smooth,0.8861437439918518
1025040,189.05814,62.22682,goods-n,3,In-between Round Smooth,0.8446109294891357
1025340,189.0698,62.230247,goods-n,3,In-between Round Smooth,0.9220906496047974
1025766,189.17815,62.234135,goods-n,4,Cigar Shaped Smooth,0.8360825181007385
1025842,189.04124,62.234974,goods-n,3,In-between Round Smooth,0.9622429013252258
1025914,189.06862,62.23554,goods-n,2,Round Smooth,0.927841067314148
1025955,189.08514,62.23597,goods-n,4,Cigar Shaped Smooth,0.9760420918464661
1026044,189.10817,62.23653,goods-n,3,In-between Round Smooth,0.9668565392494202
1026105,189.0703,62.23696,goods-n,4,Cigar Shaped Smooth,0.8986353278160095
1026139,189.20041,62.23737,goods-n,3,In-between Round Smooth,0.9092777371406555
1026318,189.1245,62.239338,goods-n,2,Round Smooth,0.9316776990890503
1026504,189.16862,62.239975,goods-n,2,Round Smooth,0.8016440272331238
1026783,189.11755,62.242485,goods-n,4,Cigar Shaped Smooth,0.8213016390800476
1026899,189.02486,62.24328,goods-n,3,In-between Round Smooth,0.872003436088562
1027014,189.1738,62.243786,goods-n,2,Round Smooth,0.9543542861938477
1027658,189.20854,62.248344,goods-n,2,Round Smooth,0.9463509917259216
1027666,189.12848,62.248222,goods-n,3,In-between Round Smooth,0.955216109752655
1027750,189.20363,62.248802,goods-n,4,Cigar Shaped Smooth,0.9089030027389526
1027793,189.25502,62.24898,goods-n,3,In-between Round Smooth,0.8846824169158936
1027795,189.20613,62.249043,goods-n,2,Round Smooth,0.9864087700843811
1027876,189.06577,62.249825,goods-n,2,Round Smooth,0.9458770155906677
1028132,189.07362,62.25109,goods-n,4,Cigar Shaped Smooth,0.8751007318496704
1028134,189.21591,62.251324,goods-n,2,Round Smooth,0.8562107682228088
1028187,189.1337,62.251728,goods-n,3,In-between Round Smooth,0.8552171587944031
1028227,189.13489,62.251896,goods-n,3,In-between Round Smooth,0.9896551370620728
1028257,189.08163,62.252113,goods-n,3,In-between Round Smooth,0.9593462347984314
1028299,189.15808,62.25258,goods-n,3,In-between Round Smooth,0.8361307382583618
1028306,189.16072,62.25282,goods-n,2,Round Smooth,0.9024592041969299
1028415,189.20439,62.25343,goods-n,2,Round Smooth,0.9910695552825928
1028428,189.23567,62.253624,goods-n,3,In-between Round Smooth,0.9710556864738464
1028498,189.1807,62.253925,goods-n,3,In-between Round Smooth,0.8654377460479736
1028626,189.18454,62.255127,goods-n,3,In-between Round Smooth,0.9278376698493958
1028712,189.08171,62.25623,goods-n,3,In-between Round Smooth,0.9587354063987732
1028793,189.2007,62.256977,goods-n,3,In-between Round Smooth,0.9843920469284058
1028876,189.06541,62.257385,goods-n,3,In-between Round Smooth,0.9669403433799744
1028901,189.07324,62.25889,goods-n,2,Round Smooth,0.9879359602928162
1028903,189.07085,62.259315,goods-n,2,Round Smooth,0.9330636858940125
1029066,189.20705,62.259525,goods-n,4,Cigar Shaped Smooth,0.9149363040924072
1029094,189.21796,62.260353,goods-n,2,Round Smooth,0.8924667239189148
1029156,189.0067,62.260353,goods-n,3,In-between Round Smooth,0.8689365386962891
1029315,189.17703,62.26191,goods-n,3,In-between Round Smooth,0.8961693644523621
1029428,189.16574,62.264194,goods-n,2,Round Smooth,0.8549794554710388
1029529,189.17226,62.263256,goods-n,4,Cigar Shaped Smooth,0.9704054594039917
1029595,189.07806,62.26386,goods-n,3,In-between Round Smooth,0.9813694357872009
1029602,189.0764,62.26405,goods-n,3,In-between Round Smooth,0.8357842564582825
1029628,189.20255,62.26463,goods-n,2,Round Smooth,0.9848723411560059
1029642,189.06473,62.26403,goods-n,3,In-between Round Smooth,0.8873410224914551
1029658,189.0135,62.264263,goods-n,4,Cigar Shaped Smooth,0.8217728137969971
1029753,189.20546,62.265007,goods-n,3,In-between Round Smooth,0.9136266708374023
1029791,189.10344,62.26532,goods-n,3,In-between Round Smooth,0.8470119833946228
1029842,189.22858,62.26593,goods-n,4,Cigar Shaped Smooth,0.8614729046821594
1029894,189.12666,62.266315,goods-n,3,In-between Round Smooth,0.8924328088760376
1029899,189.04436,62.266247,goods-n,3,In-between Round Smooth,0.9751632213592529
1029921,189.20012,62.266434,goods-n,2,Round Smooth,0.8623692393302917
1030395,189.1397,62.270996,goods-n,3,In-between Round Smooth,0.930716872215271
1030531,189.01913,62.271496,goods-n,4,Cigar Shaped Smooth,0.9257078766822815
1030660,189.0949,62.272938,goods-n,2,Round Smooth,0.812263548374176
1030671,189.08633,62.272835,goods-n,4,Cigar Shaped Smooth,0.9906039834022522
1030730,189.10966,62.273426,goods-n,3,In-between Round Smooth,0.8492816090583801
1030816,189.15149,62.27393,goods-n,3,In-between Round Smooth,0.9424799680709839
1031270,189.02672,62.27573,goods-n,3,In-between Round Smooth,0.9831628799438477
1031458,189.07121,62.2759,goods-n,3,In-between Round Smooth,0.8539627194404602
1031745,189.00998,62.277817,goods-n,3,In-between Round Smooth,0.9357219338417053
1031796,188.99022,62.27821,goods-n,2,Round Smooth,0.900792121887207
1031999,189.05365,62.279987,goods-n,3,In-between Round Smooth,0.8371623754501343
1032236,189.15588,62.28166,goods-n,4,Cigar Shaped Smooth,0.9857001304626465
1032572,189.07837,62.283348,goods-n,3,In-between Round Smooth,0.9922746419906616
1032630,189.18613,62.28384,goods-n,4,Cigar Shaped Smooth,0.9569889307022095
1032976,189.10472,62.285854,goods-n,2,Round Smooth,0.9794167280197144
1033026,189.00586,62.285637,goods-n,3,In-between Round Smooth,0.8290026187896729
1033187,189.07144,62.28642,goods-n,3,In-between Round Smooth,0.8213602900505066
1033406,188.97903,62.288013,goods-n,4,Cigar Shaped Smooth,0.9079182147979736
1033422,189.20926,62.288357,goods-n,3,In-between Round Smooth,0.9204333424568176
1033635,189.0647,62.289795,goods-n,3,In-between Round Smooth,0.8276032209396362
1033913,189.15211,62.29173,goods-n,4,Cigar Shaped Smooth,0.878090500831604
1034033,189.15839,62.29261,goods-n,3,In-between Round Smooth,0.9842521548271179
1034130,189.10123,62.293037,goods-n,3,In-between Round Smooth,0.9312354922294617
1034466,189.15723,62.29507,goods-n,3,In-between Round Smooth,0.9649339914321899
1034667,189.15312,62.296604,goods-n,2,Round Smooth,0.9152300953865051
1034689,189.12193,62.29639,goods-n,4,Cigar Shaped Smooth,0.9207994937896729
1034951,189.1464,62.29907,goods-n,4,Cigar Shaped Smooth,0.9162518382072449
1035105,189.17703,62.301113,goods-n,3,In-between Round Smooth,0.9622625708580017
1035107,189.19337,62.3011,goods-n,3,In-between Round Smooth,0.9611977338790894
1035112,189.18266,62.301098,goods-n,3,In-between Round Smooth,0.9888905882835388
1035134,189.18651,62.301533,goods-n,3,In-between Round Smooth,0.9443832635879517
1035207,189.09886,62.302616,goods-n,2,Round Smooth,0.8533886671066284
1035412,189.12773,62.30551,goods-n,3,In-between Round Smooth,0.9102133512496948
1035465,189.1673,62.306286,goods-n,3,In-between Round Smooth,0.9722196459770203
1035808,189.17107,62.31537,goods-n,4,Cigar Shaped Smooth,0.9578491449356079
1037168,189.26189,62.143555,goods-n,2,Round Smooth,0.9261946678161621
1038561,189.32938,62.15019,goods-n,3,In-between Round Smooth,0.9838119149208069
1043793,189.19586,62.16657,goods-n,3,In-between Round Smooth,0.8585841655731201
1044450,189.34192,62.16839,goods-n,4,Cigar Shaped Smooth,0.8329959511756897
1044592,189.34038,62.168957,goods-n,2,Round Smooth,0.9402957558631897
1047530,189.22133,62.177353,goods-n,3,In-between Round Smooth,0.8010675311088562
1051878,189.23405,62.18934,goods-n,3,In-between Round Smooth,0.8250032067298889
1053230,189.23949,62.193123,goods-n,2,Round Smooth,0.8390049338340759
1054191,189.30067,62.19561,goods-n,4,Cigar Shaped Smooth,0.9798696637153625
1055870,189.24585,62.20013,goods-n,4,Cigar Shaped Smooth,0.9837771058082581
1057416,189.27031,62.204285,goods-n,3,In-between Round Smooth,0.9855846166610718
1058952,189.16612,62.208782,goods-n,4,Cigar Shaped Smooth,0.9408296942710876
1059107,189.15355,62.2092,goods-n,3,In-between Round Smooth,0.9636589884757996
1061823,189.22578,62.21699,goods-n,3,In-between Round Smooth,0.9915227890014648
1062903,189.17007,62.22032,goods-n,2,Round Smooth,0.9941741824150085
1065492,189.22818,62.23078,goods-n,3,In-between Round Smooth,0.9826700687408447
1067966,189.2454,62.131096,goods-n,3,In-between Round Smooth,0.9887636303901672
1068213,189.2478,62.137394,goods-n,3,In-between Round Smooth,0.8440362811088562
1068477,189.26343,62.14198,goods-n,3,In-between Round Smooth,0.8189701437950134
1069216,189.26498,62.14977,goods-n,3,In-between Round Smooth,0.8781815767288208
1069723,189.23053,62.15354,goods-n,2,Round Smooth,0.9325599670410156
1069984,189.33553,62.155563,goods-n,3,In-between Round Smooth,0.9256954193115234
1070393,189.28456,62.157043,goods-n,2,Round Smooth,0.9769465327262878
1070793,189.22755,62.15967,goods-n,3,In-between Round Smooth,0.9806255102157593
1070914,189.21297,62.160725,goods-n,4,Cigar Shaped Smooth,0.9071358442306519
1071323,189.29291,62.16344,goods-n,4,Cigar Shaped Smooth,0.8617902398109436
1071343,189.34215,62.163322,goods-n,4,Cigar Shaped Smooth,0.8204480409622192
1071403,189.35599,62.163857,goods-n,2,Round Smooth,0.9651898741722107
1071568,189.21518,62.165154,goods-n,2,Round Smooth,0.9668391942977905
1071843,189.26785,62.166576,goods-n,3,In-between Round Smooth,0.8211877942085266
1071947,189.25195,62.167183,goods-n,4,Cigar Shaped Smooth,0.9358816742897034
1072261,189.34254,62.16935,goods-n,2,Round Smooth,0.96744304895401
1072286,189.26031,62.169544,goods-n,3,In-between Round Smooth,0.9417513012886047
1072348,189.24115,62.170235,goods-n,3,In-between Round Smooth,0.9630982875823975
1072552,189.21745,62.171463,goods-n,2,Round Smooth,0.9249882698059082
1072573,189.35477,62.17142,goods-n,4,Cigar Shaped Smooth,0.8626986145973206
1072600,189.18536,62.171642,goods-n,3,In-between Round Smooth,0.9146256446838379
1073012,189.25378,62.17448,goods-n,3,In-between Round Smooth,0.8051743507385254
1073330,189.30208,62.17657,goods-n,3,In-between Round Smooth,0.9584791660308838
1073392,189.23996,62.17679,goods-n,3,In-between Round Smooth,0.8309903144836426
1073420,189.25781,62.176937,goods-n,3,In-between Round Smooth,0.9430915713310242
1073889,189.21526,62.179535,goods-n,2,Round Smooth,0.9132980704307556
1073908,189.29593,62.18004,goods-n,3,In-between Round Smooth,0.8807922005653381
1074201,189.1807,62.1813,goods-n,3,In-between Round Smooth,0.9901604652404785
1074244,189.25241,62.18147,goods-n,2,Round Smooth,0.9157497882843018
1074667,189.20114,62.18338,goods-n,2,Round Smooth,0.9880188703536987
1075019,189.24443,62.18567,goods-n,2,Round Smooth,0.8315811157226562
1075952,189.29613,62.19031,goods-n,3,In-between Round Smooth,0.8218936324119568
1076129,189.32944,62.190895,goods-n,3,In-between Round Smooth,0.8998570442199707
1076138,189.32773,62.191845,goods-n,3,In-between Round Smooth,0.978727400302887
1076232,189.31721,62.191822,goods-n,2,Round Smooth,0.9512671232223511
1076472,189.32544,62.19301,goods-n,3,In-between Round Smooth,0.8450385332107544
1076612,189.32382,62.193058,goods-n,3,In-between Round Smooth,0.959713876247406
1076862,189.22624,62.194267,goods-n,3,In-between Round Smooth,0.8991336226463318
1077031,189.219,62.195206,goods-n,3,In-between Round Smooth,0.9058141112327576
1077349,189.22221,62.197193,goods-n,3,In-between Round Smooth,0.9530686736106873
1077374,189.19382,62.19759,goods-n,2,Round Smooth,0.9166236519813538
1077407,189.19772,62.19747,goods-n,4,Cigar Shaped Smooth,0.873226523399353
1077999,189.1915,62.200394,goods-n,4,Cigar Shaped Smooth,0.9953599572181702
1078373,189.16672,62.202053,goods-n,2,Round Smooth,0.9704625606536865
1078400,189.20546,62.20203,goods-n,4,Cigar Shaped Smooth,0.8200329542160034
1078743,189.25404,62.20466,goods-n,2,Round Smooth,0.9566994905471802
1079188,189.24434,62.206047,goods-n,3,In-between Round Smooth,0.981656551361084
1079678,189.25232,62.20963,goods-n,2,Round Smooth,0.9634677767753601
1079723,189.16661,62.209362,goods-n,4,Cigar Shaped Smooth,0.9452477097511292
1080325,189.16245,62.21253,goods-n,4,Cigar Shaped Smooth,0.9766488671302795
1080438,189.28513,62.213367,goods-n,4,Cigar Shaped Smooth,0.8870623111724854
1080467,189.14693,62.21318,goods-n,3,In-between Round Smooth,0.805810272693634
1080488,189.31,62.2132,goods-n,2,Round Smooth,0.9868403673171997
1080539,189.20613,62.21354,goods-n,2,Round Smooth,0.9338841438293457
1080572,189.15558,62.214577,goods-n,2,Round Smooth,0.8931475281715393
1080580,189.15497,62.21553,goods-n,2,Round Smooth,0.9300541281700134
1080801,189.29778,62.21497,goods-n,2,Round Smooth,0.9642312526702881
1080927,189.23714,62.21713,goods-n,2,Round Smooth,0.9066434502601624
1081124,189.29901,62.2168,goods-n,2,Round Smooth,0.9435677528381348
1081309,189.20193,62.221294,goods-n,3,In-between Round Smooth,0.8455942869186401
1081331,189.23839,62.218803,goods-n,2,Round Smooth,0.8672365546226501
1081356,189.23103,62.21979,goods-n,2,Round Smooth,0.8832558989524841
1081430,189.2043,62.21937,goods-n,3,In-between Round Smooth,0.9422646164894104
1081460,189.20569,62.219795,goods-n,2,Round Smooth,0.8046642541885376
1081698,189.22566,62.221233,goods-n,4,Cigar Shaped Smooth,0.9570867419242859
1081747,189.29326,62.222137,goods-n,2,Round Smooth,0.9279593229293823
1081749,189.17656,62.222034,goods-n,3,In-between Round Smooth,0.9338027834892273
1081849,189.29993,62.22382,goods-n,2,Round Smooth,0.9255872964859009
1082117,189.21652,62.225624,goods-n,2,Round Smooth,0.9552435874938965
1082274,189.236,62.227753,goods-n,4,Cigar Shaped Smooth,0.9901119470596313
1082662,189.28098,62.23241,goods-n,3,In-between Round Smooth,0.9501658082008362
1083006,189.26929,62.237797,goods-n,4,Cigar Shaped Smooth,0.9781070947647095
1083016,189.24176,62.238285,goods-n,2,Round Smooth,0.935319185256958
1083140,189.27525,62.24118,goods-n,2,Round Smooth,0.9875332117080688
1086374,189.3401,62.22707,goods-n,3,In-between Round Smooth,0.9490788578987122
1086485,189.32841,62.230797,goods-n,4,Cigar Shaped Smooth,0.9923630952835083
1086916,189.37833,62.23937,goods-n,2,Round Smooth,0.990324079990387
1087012,189.34402,62.241356,goods-n,3,In-between Round Smooth,0.8296358585357666
1087056,189.30249,62.2421,goods-n,3,In-between Round Smooth,0.9814323782920837
1087065,189.33809,62.242294,goods-n,4,Cigar Shaped Smooth,0.8209031820297241
1087095,189.3256,62.24261,goods-n,3,In-between Round Smooth,0.8901294469833374
1087287,189.33167,62.24579,goods-n,3,In-between Round Smooth,0.9645523428916931
1087460,189.32167,62.248363,goods-n,2,Round Smooth,0.9922913908958435
1087464,189.34293,62.248318,goods-n,4,Cigar Shaped Smooth,0.818096399307251
1087796,189.32552,62.25225,goods-n,3,In-between Round Smooth,0.9303159713745117
1087973,189.36009,62.25414,goods-n,3,In-between Round Smooth,0.9218723177909851
1088172,189.3469,62.256214,goods-n,2,Round Smooth,0.9470287561416626
1088344,189.33342,62.258057,goods-n,3,In-between Round Smooth,0.9850858449935913
1088904,189.34735,62.264393,goods-n,2,Round Smooth,0.945543110370636
1089353,189.32803,62.26973,goods-n,3,In-between Round Smooth,0.8946092128753662
1089487,189.3248,62.271267,goods-n,3,In-between Round Smooth,0.9824737310409546
1089547,189.32663,62.27198,goods-n,3,In-between Round Smooth,0.8934425115585327
1090067,189.18073,62.278378,goods-n,4,Cigar Shaped Smooth,0.9820464253425598
1090085,189.23505,62.27854,goods-n,2,Round Smooth,0.9849583506584167
1090195,189.18636,62.279938,goods-n,4,Cigar Shaped Smooth,0.9735420942306519
1090204,189.2232,62.280037,goods-n,4,Cigar Shaped Smooth,0.9276694059371948
1090219,189.30391,62.28027,goods-n,3,In-between Round Smooth,0.992041289806366
1090317,189.30473,62.28178,goods-n,3,In-between Round Smooth,0.9677503705024719
1090512,189.31476,62.284992,goods-n,4,Cigar Shaped Smooth,0.9932522177696228
1090545,189.23463,62.285534,goods-n,4,Cigar Shaped Smooth,0.9398878812789917
1090611,189.21198,62.2868,goods-n,2,Round Smooth,0.9791115522384644
1090900,189.21266,62.292114,goods-n,2,Round Smooth,0.9763379096984863
1090922,189.21445,62.292553,goods-n,3,In-between Round Smooth,0.9522185325622559
1091141,189.26184,62.298603,goods-n,3,In-between Round Smooth,0.918004035949707
1091146,189.23442,62.298763,goods-n,3,In-between Round Smooth,0.9611173868179321
1091228,189.22632,62.30101,goods-n,4,Cigar Shaped Smooth,0.9867568612098694
1091351,189.24863,62.304077,goods-n,2,Round Smooth,0.9700347185134888
1091362,189.26428,62.304325,goods-n,3,In-between Round Smooth,0.9698354005813599
1091477,189.26917,62.307224,goods-n,3,In-between Round Smooth,0.9622350335121155
1091602,189.23344,62.311005,goods-n,2,Round Smooth,0.8106631636619568
1091697,189.22418,62.31334,goods-n,3,In-between Round Smooth,0.9347871541976929
1091732,189.21915,62.3144,goods-n,3,In-between Round Smooth,0.9594208598136902
1091733,189.21658,62.31439,goods-n,3,In-between Round Smooth,0.9903759360313416
1092008,189.23102,62.32457,goods-n,2,Round Smooth,0.9101307988166809
1093264,189.34636,62.231583,goods-n,2,Round Smooth,0.9656628966331482
1093299,189.36029,62.232864,goods-n,3,In-between Round Smooth,0.8207246661186218
1093406,189.34912,62.238033,goods-n,2,Round Smooth,0.8904847502708435
1093552,189.37354,62.24251,goods-n,2,Round Smooth,0.8991521000862122
1093632,189.36813,62.24733,goods-n,2,Round Smooth,0.9644092917442322
1093928,189.34042,62.2526,goods-n,2,Round Smooth,0.9265190362930298
1094139,189.33832,62.256565,goods-n,2,Round Smooth,0.8112193942070007
1094361,189.3432,62.262043,goods-n,2,Round Smooth,0.9339500069618225
1094913,189.3336,62.275562,goods-n,2,Round Smooth,0.9765562415122986
1094915,189.2999,62.27555,goods-n,3,In-between Round Smooth,0.8354815244674683
1095731,189.26167,62.30879,goods-n,2,Round Smooth,0.9510286450386047
1095902,189.23459,62.314762,goods-n,4,Cigar Shaped Smooth,0.9244286417961121
1124570,188.98781,62.27418,goods-n,3,In-between Round Smooth,0.8452847599983215
1124631,189.37402,62.230274,goods-n,3,In-between Round Smooth,0.8522392511367798
1124639,189.40358,62.237904,goods-n,2,Round Smooth,0.880298912525177
1124654,189.47957,62.25256,goods-n,2,Round Smooth,0.9883499145507812
1124669,189.47746,62.259575,goods-n,3,In-between Round Smooth,0.957599937915802
1124678,189.45985,62.264637,goods-n,2,Round Smooth,0.8561176657676697
1124680,189.45766,62.26491,goods-n,2,Round Smooth,0.9873569011688232
1124683,189.4525,62.265873,goods-n,2,Round Smooth,0.9663416147232056
1124693,189.43819,62.27104,goods-n,2,Round Smooth,0.862651526927948
1124711,189.49452,62.27892,goods-n,2,Round Smooth,0.9512669444084167
1124732,189.4001,62.29054,goods-n,2,Round Smooth,0.9014472365379333
1124802,189.36081,62.325787,goods-n,3,In-between Round Smooth,0.8664911389350891
1124805,189.3886,62.32669,goods-n,2,Round Smooth,0.8284281492233276
1124818,189.35446,62.334724,goods-n,3,In-between Round Smooth,0.9584499001502991
1124824,189.30489,62.336174,goods-n,2,Round Smooth,0.9520188570022583
1124857,189.37018,62.352127,goods-n,2,Round Smooth,0.9275436997413635
1124875,189.3897,62.244484,goods-n,3,In-between Round Smooth,0.8253164291381836
1124880,189.45645,62.249084,goods-n,3,In-between Round Smooth,0.9737369418144226
1124885,189.46877,62.252514,goods-n,4,Cigar Shaped Smooth,0.9612770676612854
1124891,189.47559,62.25396,goods-n,2,Round Smooth,0.8216549158096313
1124896,189.48055,62.254807,goods-n,3,In-between Round Smooth,0.8633805513381958
1124897,189.47804,62.256145,goods-n,2,Round Smooth,0.897667646408081
1124904,189.36223,62.259014,goods-n,4,Cigar Shaped Smooth,0.9959482550621033
1124908,189.51134,62.259613,goods-n,2,Round Smooth,0.9957180619239807
1124918,189.3828,62.26333,goods-n,2,Round Smooth,0.9430257081985474
1124934,189.49887,62.269104,goods-n,3,In-between Round Smooth,0.9577472805976868
1124945,189.50119,62.27253,goods-n,3,In-between Round Smooth,0.9424874186515808
1124946,189.48953,62.272556,goods-n,2,Round Smooth,0.8361169099807739
1124950,189.47847,62.27343,goods-n,2,Round Smooth,0.8747501969337463
1124951,189.48245,62.273903,goods-n,2,Round Smooth,0.8869125247001648
1124953,189.48737,62.274258,goods-n,3,In-between Round Smooth,0.9619394540786743
1124966,189.44725,62.276707,goods-n,2,Round Smooth,0.9434443712234497
1124969,189.3598,62.27974,goods-n,2,Round Smooth,0.9744354486465454
1124972,189.37213,62.28075,goods-n,3,In-between Round Smooth,0.9181463122367859
1124976,189.4724,62.28162,goods-n,4,Cigar Shaped Smooth,0.9192934036254883
1124994,189.35512,62.286247,goods-n,3,In-between Round Smooth,0.9321959614753723
1124999,189.4717,62.287983,goods-n,3,In-between Round Smooth,0.8968202471733093
1125008,189.35976,62.29049,goods-n,4,Cigar Shaped Smooth,0.9101637601852417
1125014,189.40237,62.291878,goods-n,3,In-between Round Smooth,0.8568249940872192
1125043,189.42677,62.300434,goods-n,3,In-between Round Smooth,0.8809923529624939
1125067,189.34761,62.30716,goods-n,2,Round Smooth,0.9664347767829895
1125071,189.43332,62.308315,goods-n,4,Cigar Shaped Smooth,0.9085082411766052
1125073,189.44495,62.309208,goods-n,2,Round Smooth,0.9793389439582825
1125099,189.29689,62.31392,goods-n,2,Round Smooth,0.8554157614707947
1125105,189.44397,62.31552,goods-n,2,Round Smooth,0.9480674862861633
1125113,189.45021,62.31883,goods-n,3,In-between Round Smooth,0.9652710556983948
1125122,189.44197,62.321186,goods-n,4,Cigar Shaped Smooth,0.9027717709541321
1125123,189.28015,62.321453,goods-n,4,Cigar Shaped Smooth,0.8456912636756897
1125126,189.31516,62.322433,goods-n,3,In-between Round Smooth,0.9085795283317566
1125132,189.38237,62.326077,goods-n,3,In-between Round Smooth,0.9571629762649536
1125133,189.39558,62.326687,goods-n,2,Round Smooth,0.8957527279853821
1125144,189.39539,62.32958,goods-n,4,Cigar Shaped Smooth,0.8074073791503906
1125145,189.2777,62.329742,goods-n,4,Cigar Shaped Smooth,0.8500661849975586
1125183,189.41263,62.339603,goods-n,3,In-between Round Smooth,0.8552395105361938
1125197,189.36293,62.34573,goods-n,2,Round Smooth,0.8606541156768799
1125212,189.36673,62.350475,goods-n,4,Cigar Shaped Smooth,0.960673987865448
1125217,189.37846,62.356483,goods-n,4,Cigar Shaped Smooth,0.9337977766990662
1127449,189.37009,62.2281,goods-n,3,In-between Round Smooth,0.8456504940986633
1130568,189.4754,62.250015,goods-n,3,In-between Round Smooth,0.8893474340438843
1131598,189.39732,62.255432,goods-n,4,Cigar Shaped Smooth,0.9841620922088623
1131784,189.46793,62.256203,goods-n,3,In-between Round Smooth,0.9120262265205383
1133996,189.44511,62.267063,goods-n,2,Round Smooth,0.9349489808082581
1135390,189.43944,62.27369,goods-n,3,In-between Round Smooth,0.9611982703208923
1136019,189.45168,62.27637,goods-n,3,In-between Round Smooth,0.8803974986076355
1136375,189.48451,62.27791,goods-n,2,Round Smooth,0.8600395321846008
1137645,189.35255,62.283882,goods-n,3,In-between Round Smooth,0.9362250566482544
1137885,189.48323,62.284775,goods-n,2,Round Smooth,0.9762108325958252
1138127,189.35153,62.286198,goods-n,3,In-between Round Smooth,0.9738478660583496
1139718,189.36128,62.293896,goods-n,2,Round Smooth,0.9902418851852417
1139820,189.3552,62.294247,goods-n,4,Cigar Shaped Smooth,0.9375376105308533
1140076,189.32387,62.295338,goods-n,3,In-between Round Smooth,0.977260172367096
1141476,189.40434,62.301174,goods-n,3,In-between Round Smooth,0.9364398717880249
1141843,189.45126,62.30244,goods-n,2,Round Smooth,0.9545116424560547
1141967,189.44423,62.30292,goods-n,3,In-between Round Smooth,0.8671079277992249
1143443,189.44315,62.30837,goods-n,3,In-between Round Smooth,0.9922557473182678
1146098,189.31589,62.318615,goods-n,3,In-between Round Smooth,0.8753495216369629
1146482,189.38869,62.319923,goods-n,3,In-between Round Smooth,0.991881251335144
1148350,189.29343,62.32706,goods-n,3,In-between Round Smooth,0.9672085046768188
1150751,189.33807,62.339886,goods-n,4,Cigar Shaped Smooth,0.9922736883163452
1152259,189.38567,62.354042,goods-n,4,Cigar Shaped Smooth,0.9731605052947998
1159039,189.32835,62.286037,goods-n,4,Cigar Shaped Smooth,0.9866725206375122
1185634,189.12793,62.305687,goods-n,3,In-between Round Smooth,0.8169463872909546
1191297,189.40933,62.28963,goods-n,2,Round Smooth,0.828382670879364
1191611,189.43442,62.317265,goods-n,3,In-between Round Smooth,0.9635737538337708
1199682,189.40817,62.287098,goods-n,3,In-between Round Smooth,0.8232691287994385
1200225,189.41893,62.154774,goods-n,2,Round Smooth,0.9299744963645935
1200478,189.42732,62.195545,goods-n,3,In-between Round Smooth,0.863864541053772
1200758,189.45929,62.19404,goods-n,3,In-between Round Smooth,0.968214750289917
1200790,189.35114,62.363895,goods-n,2,Round Smooth,0.9512345790863037
1200904,189.60742,62.228695,goods-n,3,In-between Round Smooth,0.8904224634170532
1201111,189.38809,62.269855,goods-n,4,Cigar Shaped Smooth,0.8714669942855835
1201420,189.2893,62.37072,goods-n,2,Round Smooth,0.84160977602005
1201745,189.28864,62.353962,goods-n,3,In-between Round Smooth,0.8915901184082031
1201989,189.39334,62.192017,goods-n,3,In-between Round Smooth,0.841164767742157
1202100,189.48706,62.24298,goods-n,2,Round Smooth,0.9126240015029907
1202144,189.42935,62.203957,goods-n,2,Round Smooth,0.9886077642440796
1202229,189.6322,62.238007,goods-n,2,Round Smooth,0.9006441235542297
1202393,189.4122,62.261395,goods-n,3,In-between Round Smooth,0.8125857710838318
1202580,189.58174,62.235363,goods-n,2,Round Smooth,0.8096281290054321
1202679,189.50038,62.24941,goods-n,3,In-between Round Smooth,0.9373911023139954
1202712,189.54454,62.237846,goods-n,3,In-between Round Smooth,0.8266566395759583
1203007,189.41472,62.26633,goods-n,3,In-between Round Smooth,0.9585500955581665
1203011,189.4146,62.26627,goods-n,3,In-between Round Smooth,0.9494098424911499
1203059,189.5295,62.2204,goods-n,2,Round Smooth,0.879707396030426
1203061,189.52774,62.220108,goods-n,4,Cigar Shaped Smooth,0.9607365131378174
1203355,189.48544,62.248894,goods-n,3,In-between Round Smooth,0.8915649056434631
1203532,189.51144,62.24216,goods-n,3,In-between Round Smooth,0.8963797092437744
1203675,189.2674,62.356728,goods-n,4,Cigar Shaped Smooth,0.913141131401062
1203856,189.34477,62.219307,goods-n,2,Round Smooth,0.9885448813438416
1204039,189.42375,62.1425,goods-n,3,In-between Round Smooth,0.8291206955909729
1204040,189.31757,62.370583,goods-n,3,In-between Round Smooth,0.8811349868774414
1204470,189.53764,62.22978,goods-n,3,In-between Round Smooth,0.9222256541252136
1204855,189.20938,62.27121,goods-n,2,Round Smooth,0.977877140045166
1205353,189.3003,62.34896,goods-n,2,Round Smooth,0.9774752259254456
1205464,189.31673,62.34729,goods-n,2,Round Smooth,0.8477516770362854
1205644,189.29503,62.35753,goods-n,4,Cigar Shaped Smooth,0.9544546604156494
1205784,189.39595,62.19565,goods-n,4,Cigar Shaped Smooth,0.8861739635467529
1205856,189.57843,62.222313,goods-n,2,Round Smooth,0.9542755484580994
1206045,189.51741,62.234875,goods-n,2,Round Smooth,0.9484596848487854
1206081,189.59085,62.23388,goods-n,2,Round Smooth,0.9542914628982544
1206097,189.4956,62.2252,goods-n,2,Round Smooth,0.9163960218429565
1206112,189.29276,62.36538,goods-n,4,Cigar Shaped Smooth,0.8128534555435181
1206173,189.39032,62.214058,goods-n,3,In-between Round Smooth,0.8799082636833191
1206184,189.28839,62.34668,goods-n,2,Round Smooth,0.9113656282424927
1206225,189.4692,62.1643,goods-n,4,Cigar Shaped Smooth,0.8190799355506897
1206412,189.53966,62.226685,goods-n,2,Round Smooth,0.9735482335090637
1206415,189.33339,62.368084,goods-n,2,Round Smooth,0.9454687237739563
1206445,189.53519,62.23307,goods-n,3,In-between Round Smooth,0.8547483682632446
1206467,189.42038,62.263718,goods-n,3,In-between Round Smooth,0.9154528379440308
1206498,189.28947,62.34838,goods-n,2,Round Smooth,0.9292038679122925
1206629,189.51418,62.219906,goods-n,4,Cigar Shaped Smooth,0.9261937737464905
1206659,189.39734,62.213387,goods-n,2,Round Smooth,0.84725421667099
1206833,189.43227,62.282867,goods-n,3,In-between Round Smooth,0.9287259578704834
1206959,189.33061,62.339653,goods-n,3,In-between Round Smooth,0.8917346000671387
1207007,189.29842,62.36831,goods-n,4,Cigar Shaped Smooth,0.987244725227356
1207096,189.47337,62.2453,goods-n,4,Cigar Shaped Smooth,0.8229019045829773
1207118,189.31451,62.36749,goods-n,2,Round Smooth,0.8795943260192871
1207171,189.4526,62.150944,goods-n,2,Round Smooth,0.8974686861038208
1207196,189.53268,62.24945,goods-n,3,In-between Round Smooth,0.8229883313179016
1207264,189.10353,62.265278,goods-n,3,In-between Round Smooth,0.8584625124931335
1207269,189.33388,62.35541,goods-n,3,In-between Round Smooth,0.8523696064949036
1207291,189.40923,62.207714,goods-n,3,In-between Round Smooth,0.8424267172813416
1207412,189.3384,62.360775,goods-n,3,In-between Round Smooth,0.9870277047157288
1207473,189.40138,62.203457,goods-n,2,Round Smooth,0.9099398851394653
1207515,189.54536,62.235905,goods-n,2,Round Smooth,0.9541900157928467
1207539,189.28093,62.34417,goods-n,4,Cigar Shaped Smooth,0.9870882034301758
1207627,189.52318,62.243526,goods-n,3,In-between Round Smooth,0.8497186899185181
1207688,189.47568,62.22535,goods-n,2,Round Smooth,0.9844299554824829
1207742,189.57687,62.218998,goods-n,3,In-between Round Smooth,0.9215595126152039
1207776,189.29895,62.35672,goods-n,2,Round Smooth,0.8425908088684082
1207804,189.45175,62.197674,goods-n,3,In-between Round Smooth,0.9322025179862976
1207936,189.6199,62.223495,goods-n,3,In-between Round Smooth,0.9743247032165527
1208093,189.58253,62.24791,goods-n,2,Round Smooth,0.8085055351257324
1208150,189.38837,62.20872,goods-n,3,In-between Round Smooth,0.9136736989021301
1208177,189.4437,62.28366,goods-n,4,Cigar Shaped Smooth,0.992050290107727
1208193,189.46841,62.22025,goods-n,3,In-between Round Smooth,0.9483230710029602
1208260,189.40514,62.182804,goods-n,4,Cigar Shaped Smooth,0.9042531251907349
1208262,189.3478,62.36087,goods-n,4,Cigar Shaped Smooth,0.9105364680290222
1208264,189.63641,62.23189,goods-n,3,In-between Round Smooth,0.8560963869094849
1208266,189.50166,62.220406,goods-n,3,In-between Round Smooth,0.9343973398208618
1208269,189.42151,62.145138,goods-n,3,In-between Round Smooth,0.9390469789505005
1208285,189.42397,62.260223,goods-n,3,In-between Round Smooth,0.9795974493026733
1208359,189.3202,62.349068,goods-n,2,Round Smooth,0.8986009359359741
1208361,189.64323,62.24607,goods-n,3,In-between Round Smooth,0.8682347536087036
1208398,189.64615,62.238113,goods-n,4,Cigar Shaped Smooth,0.9729062914848328
1208415,189.29015,62.368767,goods-n,2,Round Smooth,0.9548547863960266
1208438,189.50212,62.22339,goods-n,3,In-between Round Smooth,0.9596142768859863
1208463,189.4814,62.225933,goods-n,2,Round Smooth,0.9917042255401611
1208504,189.45883,62.162254,goods-n,3,In-between Round Smooth,0.9384241700172424
1208618,189.4249,62.170486,goods-n,3,In-between Round Smooth,0.9367591738700867
1208647,189.5921,62.231266,goods-n,4,Cigar Shaped Smooth,0.9839103817939758
1208746,189.39162,62.19724,goods-n,4,Cigar Shaped Smooth,0.9820073246955872
1208833,189.32538,62.358208,goods-n,2,Round Smooth,0.8624454140663147
1208870,189.59677,62.226696,goods-n,4,Cigar Shaped Smooth,0.9934753775596619
1208886,189.52383,62.244556,goods-n,2,Round Smooth,0.96164870262146
1208888,189.42094,62.20491,goods-n,3,In-between Round Smooth,0.994265615940094
1208924,189.54024,62.238632,goods-n,4,Cigar Shaped Smooth,0.9838514924049377
1208925,189.62793,62.23565,goods-n,4,Cigar Shaped Smooth,0.9364646077156067
1208927,189.57742,62.238194,goods-n,4,Cigar Shaped Smooth,0.9889005422592163
1208980,189.539,62.232716,goods-n,4,Cigar Shaped Smooth,0.9526923894882202
1209013,189.39276,62.277443,goods-n,3,In-between Round Smooth,0.9168663620948792
1209037,189.4474,62.210476,goods-n,2,Round Smooth,0.9790916442871094
1209297,189.48619,62.14612,goods-n,2,Round Smooth,0.9517934918403625
1209351,189.26123,62.347855,goods-n,4,Cigar Shaped Smooth,0.9485148191452026
1209362,189.40468,62.195778,goods-n,3,In-between Round Smooth,0.9765574336051941
1209460,189.4409,62.2095,goods-n,3,In-between Round Smooth,0.9919605255126953
1209508,189.47081,62.172905,goods-n,4,Cigar Shaped Smooth,0.9867530465126038
1209633,189.4433,62.152256,goods-n,3,In-between Round Smooth,0.8783220648765564
1209815,189.30289,62.34098,goods-n,4,Cigar Shaped Smooth,0.8020048141479492
1209838,189.41891,62.198967,goods-n,3,In-between Round Smooth,0.9740413427352905
1209867,189.40729,62.211586,goods-n,2,Round Smooth,0.919783890247345
1209924,189.35574,62.354595,goods-n,4,Cigar Shaped Smooth,0.8214964270591736
1209992,189.30713,62.34854,goods-n,3,In-between Round Smooth,0.9862479567527771
1210021,189.30882,62.366688,goods-n,3,In-between Round Smooth,0.981394350528717
1210024,189.40155,62.211185,goods-n,4,Cigar Shaped Smooth,0.9760449528694153
1210040,189.324,62.336067,goods-n,3,In-between Round Smooth,0.9486173987388611
1210124,189.42207,62.19851,goods-n,3,In-between Round Smooth,0.8885071277618408
1210166,189.5761,62.237087,goods-n,4,Cigar Shaped Smooth,0.9443147778511047
1210277,189.59326,62.227436,goods-n,3,In-between Round Smooth,0.9399169087409973
1210310,189.40535,62.20592,goods-n,2,Round Smooth,0.9814766049385071
1210326,189.65216,62.246685,goods-n,3,In-between Round Smooth,0.9479354023933411
1210344,189.4151,62.20559,goods-n,3,In-between Round Smooth,0.9111592173576355
1210440,189.48914,62.22442,goods-n,4,Cigar Shaped Smooth,0.9665856957435608
1210616,189.43776,62.20643,goods-n,3,In-between Round Smooth,0.9673400521278381
1210634,189.46474,62.169407,goods-n,3,In-between Round Smooth,0.952346920967102
1210778,189.63416,62.22759,goods-n,3,In-between Round Smooth,0.9398305416107178
1210805,189.5054,62.25105,goods-n,3,In-between Round Smooth,0.9695088863372803
1210837,189.51834,62.23955,goods-n,3,In-between Round Smooth,0.964044988155365
1210875,189.43849,62.191433,goods-n,3,In-between Round Smooth,0.9256885647773743
1210948,189.32536,62.33149,goods-n,3,In-between Round Smooth,0.9776467084884644
1211755,189.49632,62.251026,goods-n,3,In-between Round Smooth,0.803622841835022
