role,source_field,scene_idx,ra_deg,dec_deg,z_phot_legacy,z_phot_err,legacy_morphology,F444W_peak_sim_units,compactness_F444W,has_F444W
lens_scene,primer_cosmos,0,149.920822,2.310847,0.438632,0.081982,REX,550.789368,0.081421,True
lens_scene,primer_cosmos,1,149.920828,2.306866,0.956827,0.096482,DEV,131.132904,0.073930,True
lens_scene,primer_cosmos,2,149.921320,2.339177,0.521855,0.064400,REX,135.490616,0.087990,True
lens_scene,primer_cosmos,3,149.921735,2.328010,0.951156,0.076897,EXP,158.474838,0.069035,True
lens_scene,primer_cosmos,4,149.921750,2.322355,0.369664,0.037034,SER,322.808289,0.064111,True
lens_scene,primer_cosmos,5,149.922424,2.368930,0.642719,0.077212,EXP,722.071045,0.156505,True
lens_scene,primer_cosmos,6,149.922954,2.348317,0.536933,0.031286,REX,1150.418823,0.126569,True
lens_scene,primer_cosmos,7,149.923183,2.347726,0.781654,0.039141,REX,1947.170776,0.156139,True
lens_scene,primer_cosmos,8,149.924643,2.345999,0.665784,0.057952,REX,756.261841,0.195706,True
lens_scene,primer_cosmos,9,149.924700,2.361211,0.744340,0.031310,REX,1272.278198,0.169509,True
lens_scene,primer_cosmos,10,149.924963,2.371980,0.703155,0.062857,EXP,602.437134,0.121796,True
lens_scene,primer_cosmos,11,149.925718,2.346360,0.880824,0.067857,REX,497.500793,0.117789,True
lens_scene,primer_cosmos,12,149.927247,2.283779,0.893282,0.096152,EXP,242.161331,0.095198,True
lens_scene,primer_cosmos,13,149.927849,2.364077,0.810198,0.045394,REX,1330.173096,0.224566,True
lens_scene,primer_cosmos,14,149.928625,2.366278,0.944976,0.076267,EXP,444.809021,0.120420,True
lens_scene,primer_cosmos,15,149.929454,2.304280,0.177460,0.033859,SER,2057.376221,0.115320,True
lens_scene,primer_cosmos,16,149.930985,2.370358,0.976209,0.085472,SER,652.831177,0.020413,True
lens_scene,primer_cosmos,17,149.931295,2.296246,0.451175,0.066149,SER,143.168961,0.071097,True
lens_scene,primer_cosmos,18,149.931741,2.280652,0.457457,0.073554,DEV,180.499084,0.145744,True
lens_scene,primer_cosmos,19,149.932370,2.335492,0.499828,0.048082,SER,14391.952148,0.212903,True
lens_scene,primer_cosmos,20,149.932420,2.346203,0.671116,0.037927,REX,2023.032959,0.169017,True
lens_scene,primer_cosmos,21,149.932432,2.349478,0.957511,0.075260,REX,1052.870728,0.266105,True
lens_scene,primer_cosmos,22,149.933938,2.340742,0.890667,0.049399,REX,883.926758,0.173555,True
lens_scene,primer_cosmos,23,149.936487,2.313765,0.976345,0.094898,REX,1126.749268,0.156185,True
lens_scene,primer_cosmos,24,149.936545,2.299644,0.990981,0.087013,EXP,817.986023,0.133719,True
lens_scene,primer_cosmos,25,149.936579,2.301573,0.232354,0.056680,SER,1138.565674,0.086817,True
lens_scene,primer_cosmos,26,149.937055,2.312256,0.469236,0.076253,SER,250.947250,0.060075,True
lens_scene,primer_cosmos,27,149.937862,2.344727,0.889371,0.054167,REX,707.793762,0.212740,True
lens_scene,primer_cosmos,28,149.940439,2.293062,0.469771,0.053241,EXP,1007.976990,0.155934,True
lens_scene,primer_cosmos,29,149.940707,2.330941,0.700393,0.079907,EXP,112.808464,0.064865,True
lens_scene,primer_cosmos,30,149.940937,2.355327,0.855444,0.045303,REX,1832.654175,0.186137,True
lens_scene,primer_cosmos,31,149.941003,2.365253,0.374135,0.051534,SER,1523.931274,0.028902,True
lens_scene,primer_cosmos,32,149.941987,2.298861,0.428752,0.051505,SER,1502.577148,0.165961,True
lens_scene,primer_cosmos,33,149.942902,2.370081,0.992738,0.082719,REX,1320.843872,0.132285,True
lens_scene,primer_cosmos,34,149.943409,2.355982,0.963205,0.074775,REX,232.394577,0.040730,True
lens_scene,primer_cosmos,35,149.944434,2.296346,0.581090,0.059661,EXP,543.528320,0.110141,True
lens_scene,primer_cosmos,36,149.944572,2.348478,0.438239,0.067737,REX,249.999664,0.090579,True
lens_scene,primer_cosmos,37,149.944717,2.365239,0.871405,0.053779,REX,637.546753,0.105606,True
lens_scene,primer_cosmos,38,149.945204,2.299198,0.598069,0.073243,SER,279.881317,0.050845,True
lens_scene,primer_cosmos,39,149.945626,2.368040,0.927823,0.060562,REX,686.707947,0.134583,True
lens_scene,primer_cosmos,40,149.946368,2.302493,0.891290,0.084293,SER,749.936584,0.071644,True
lens_scene,primer_cosmos,41,149.946635,2.304518,0.822189,0.089763,EXP,273.236298,0.067589,True
lens_scene,primer_cosmos,42,149.949749,2.287409,0.694258,0.070842,REX,161.433868,0.091723,True
lens_scene,primer_cosmos,43,149.949791,2.325464,0.272686,0.053794,REX,154.225616,0.069234,True
lens_scene,primer_cosmos,44,149.950226,2.311455,0.820063,0.050691,SER,571.448364,0.092077,True
lens_scene,primer_cosmos,45,149.951009,2.340627,0.900320,0.082839,REX,486.687683,0.087430,True
lens_scene,primer_cosmos,46,149.951323,2.291517,0.803817,0.069055,REX,181.606628,0.071166,True
lens_scene,primer_cosmos,47,149.951357,2.357142,0.949632,0.085966,REX,828.512329,0.149128,True
lens_scene,primer_cosmos,48,149.951660,2.295457,0.743043,0.041934,SER,952.527771,0.116816,True
lens_scene,primer_cosmos,49,149.952614,2.341844,0.968529,0.064595,SER,1814.635986,0.017225,True
lens_scene,primer_cosmos,50,149.955005,2.275689,0.707612,0.055389,REX,590.496399,0.207022,True
lens_scene,primer_cosmos,51,149.955751,2.330978,0.933693,0.097124,EXP,688.727051,0.071114,True
lens_scene,primer_cosmos,52,149.956256,2.338243,0.988476,0.090865,DEV,857.252502,0.189417,True
lens_scene,primer_cosmos,53,149.957106,2.343945,0.931939,0.083542,REX,1009.399597,0.213061,True
lens_scene,primer_cosmos,54,149.959148,2.276923,0.870382,0.035122,REX,1868.858887,0.176111,True
lens_scene,primer_cosmos,55,149.959956,2.362808,0.919489,0.068179,REX,2216.197998,0.204049,True
lens_scene,primer_cosmos,56,149.961415,2.349411,0.889142,0.044763,DEV,2254.365479,0.178255,True
lens_scene,primer_cosmos,57,149.962094,2.298173,0.837153,0.037591,REX,2031.245728,0.188708,True
lens_scene,primer_cosmos,58,149.962463,2.317198,0.355209,0.075836,REX,756.510498,0.200060,True
lens_scene,primer_cosmos,59,149.963321,2.313882,0.468544,0.081311,EXP,100.514824,0.139649,True
lens_scene,primer_cosmos,60,149.963463,2.357413,0.690186,0.054340,REX,528.548889,0.133167,True
lens_scene,primer_cosmos,61,149.965753,2.327172,0.302495,0.038133,SER,1387.316162,0.078357,True
lens_scene,primer_cosmos,62,149.967393,2.282206,0.914799,0.083888,DEV,437.597412,0.132221,True
lens_scene,primer_cosmos,63,149.967431,2.283419,0.644839,0.028164,DEV,850.459412,0.152278,True
lens_scene,primer_cosmos,64,149.967877,2.340805,0.978015,0.066507,DEV,1858.961060,0.174271,True
lens_scene,primer_cosmos,65,149.968388,2.327207,0.309071,0.054685,REX,225.196350,0.038539,True
lens_scene,primer_cosmos,66,149.968695,2.288718,0.477228,0.068006,REX,232.617508,0.089911,True
lens_scene,primer_cosmos,67,149.968758,2.369446,0.717166,0.032393,REX,867.102966,0.219253,True
lens_scene,primer_cosmos,68,149.969362,2.313102,0.462445,0.070162,EXP,123.178909,0.137070,True
lens_scene,primer_cosmos,69,149.970110,2.291345,0.387202,0.018436,SER,1293.744873,0.154497,True
lens_scene,primer_cosmos,70,149.970168,2.369926,0.760288,0.072289,DEV,798.743896,0.196242,True
lens_scene,primer_cosmos,71,149.971304,2.302828,0.457715,0.051905,REX,330.821259,0.098181,True
lens_scene,primer_cosmos,72,149.971540,2.355394,0.743305,0.040575,REX,747.871704,0.209526,True
lens_scene,primer_cosmos,73,149.971927,2.321263,0.875520,0.067763,EXP,684.695679,0.119109,True
lens_scene,primer_cosmos,74,149.973115,2.338001,0.908396,0.043829,DEV,2327.007568,0.163019,True
lens_scene,primer_cosmos,75,149.974752,2.314890,0.880113,0.056815,EXP,454.523285,0.087202,True
lens_scene,primer_cosmos,76,149.975622,2.325534,0.850898,0.082081,REX,412.506042,0.092369,True
lens_scene,primer_cosmos,77,149.975825,2.354688,0.836926,0.053144,REX,1916.523682,0.264706,True
lens_scene,primer_cosmos,78,149.975858,2.352016,0.863380,0.047912,DEV,1332.246216,0.212001,True
lens_scene,primer_cosmos,79,149.976395,2.308473,0.903177,0.062168,REX,743.130432,0.180327,True
lens_scene,primer_cosmos,80,149.978409,2.315342,0.870867,0.048908,REX,1245.565430,0.229743,True
lens_scene,primer_cosmos,81,149.979771,2.336768,0.631330,0.051828,SER,1686.147217,0.181023,True
lens_scene,primer_cosmos,82,149.980853,2.351511,0.931370,0.057929,DEV,1579.930786,0.158144,True
lens_scene,primer_cosmos,83,149.980985,2.362049,0.919797,0.046790,DEV,1187.880981,0.198632,True
lens_scene,primer_cosmos,84,149.981075,2.319851,0.878077,0.069445,REX,922.949585,0.175696,True
lens_scene,primer_cosmos,85,149.982906,2.343970,0.635680,0.045634,REX,2006.304810,0.245153,True
lens_scene,primer_cosmos,86,149.983232,2.317163,0.946864,0.056828,DEV,2092.225586,0.170580,True
lens_scene,primer_cosmos,87,149.983926,2.318073,0.868342,0.053262,DEV,777.439880,0.113608,True
lens_scene,primer_cosmos,88,149.984596,2.362039,0.799331,0.082000,DEV,624.406555,0.216699,True
lens_scene,primer_cosmos,89,149.984839,2.360944,0.963639,0.078459,EXP,581.516357,0.068855,True
lens_scene,primer_cosmos,90,149.985370,2.322432,0.936246,0.091747,REX,580.883911,0.207254,True
lens_scene,primer_cosmos,91,149.986219,2.323212,0.847483,0.097525,REX,2165.017334,0.229496,True
lens_scene,primer_cosmos,92,149.986626,2.325764,0.509568,0.029712,REX,996.443298,0.225208,True
lens_scene,primer_cosmos,93,149.987580,2.325417,0.593986,0.093889,EXP,155.528824,0.110633,True
lens_scene,primer_cosmos,94,149.989237,2.339100,0.926693,0.055896,REX,1404.163818,0.208269,True
lens_scene,primer_cosmos,95,149.990228,2.336687,0.959434,0.049123,DEV,1584.863159,0.146451,True
lens_scene,primer_cosmos,96,149.995238,2.355770,0.740380,0.058929,EXP,975.047241,0.052462,True
lens_scene,primer_cosmos,97,149.920312,2.443239,0.373708,0.040261,REX,298.882690,0.125566,True
lens_scene,primer_cosmos,98,149.921053,2.417744,0.163161,0.025519,SER,505.376923,0.062861,True
lens_scene,primer_cosmos,99,149.922569,2.398633,0.903822,0.055020,DEV,1794.330078,0.210488,True
lens_scene,primer_cosmos,100,149.923335,2.385180,0.710369,0.047985,SER,632.730713,0.159994,True
lens_scene,primer_cosmos,101,149.924632,2.402824,0.926059,0.068991,REX,661.617004,0.186925,True
lens_scene,primer_cosmos,102,149.925640,2.388018,0.123673,0.018446,SER,201.572723,0.057338,True
lens_scene,primer_cosmos,103,149.925645,2.459539,0.512919,0.026420,REX,1174.276245,0.212812,True
lens_scene,primer_cosmos,104,149.925964,2.433474,0.236392,0.054397,SER,103.879066,0.086612,True
lens_scene,primer_cosmos,105,149.927449,2.394746,0.905975,0.091454,DEV,573.192505,0.207777,True
lens_scene,primer_cosmos,106,149.928540,2.398638,0.954711,0.094070,REX,100.296677,0.092886,True
lens_scene,primer_cosmos,107,149.928552,2.383325,0.896559,0.057427,REX,1466.798218,0.206563,True
lens_scene,primer_cosmos,108,149.929104,2.468245,0.746269,0.066500,EXP,242.253937,0.078299,True
lens_scene,primer_cosmos,109,149.929122,2.385291,0.389508,0.072338,SER,778.491760,0.100738,True
lens_scene,primer_cosmos,110,149.929262,2.409003,0.869158,0.030368,DEV,1182.336670,0.122606,True
lens_scene,primer_cosmos,111,149.930114,2.413521,0.951604,0.064014,REX,1081.139404,0.145805,True
lens_scene,primer_cosmos,112,149.930684,2.397908,0.958675,0.082500,EXP,256.392242,0.021589,True
lens_scene,primer_cosmos,113,149.931097,2.455450,0.672903,0.059702,REX,938.769409,0.110486,True
lens_scene,primer_cosmos,114,149.933898,2.467864,0.914132,0.070155,DEV,2734.777344,0.201549,True
lens_scene,primer_cosmos,115,149.935295,2.387006,0.425397,0.046087,REX,413.315460,0.262404,True
lens_scene,primer_cosmos,116,149.936621,2.447476,0.670105,0.035256,EXP,1706.743164,0.177236,True
lens_scene,primer_cosmos,117,149.937933,2.394119,0.754065,0.078601,EXP,291.368713,0.118548,True
lens_scene,primer_cosmos,118,149.937985,2.419290,0.328531,0.085229,EXP,343.832245,0.119847,True
lens_scene,primer_cosmos,119,149.938595,2.413854,0.834762,0.064461,EXP,1257.032715,0.092430,True
lens_scene,primer_cosmos,120,149.938813,2.433363,0.315730,0.020050,DEV,4092.498047,0.157758,True
lens_scene,primer_cosmos,121,149.939426,2.463857,0.380476,0.040068,SER,1457.533325,0.195818,True
lens_scene,primer_cosmos,122,149.939507,2.394483,0.876965,0.043059,SER,2690.534180,0.190259,True
lens_scene,primer_cosmos,123,149.941702,2.395761,0.785847,0.037751,EXP,1444.117676,0.072411,True
lens_scene,primer_cosmos,124,149.942261,2.432270,0.659292,0.083482,REX,104.280426,0.061371,True
lens_scene,primer_cosmos,125,149.945371,2.461756,0.416424,0.045455,REX,1982.527588,0.219538,True
lens_scene,primer_cosmos,126,149.946432,2.375023,0.957396,0.089802,DEV,1234.655884,0.183344,True
lens_scene,primer_cosmos,127,149.947770,2.422059,0.887695,0.062906,REX,421.521729,0.125802,True
lens_scene,primer_cosmos,128,149.948052,2.446531,0.540150,0.075796,EXP,186.536850,0.104326,True
lens_scene,primer_cosmos,129,149.948387,2.449401,0.731139,0.051576,REX,790.963318,0.156416,True
lens_scene,primer_cosmos,130,149.948957,2.421308,0.542249,0.084036,REX,320.504272,0.123702,True
lens_scene,primer_cosmos,131,149.950372,2.392981,0.700936,0.053193,REX,323.008759,0.107232,True
lens_scene,primer_cosmos,132,149.951781,2.391538,0.868431,0.052867,DEV,940.190186,0.041862,True
lens_scene,primer_cosmos,133,149.952336,2.427920,0.955966,0.070777,REX,166.549973,0.090145,True
lens_scene,primer_cosmos,134,149.952838,2.386322,0.958372,0.078029,DEV,2481.543945,0.131102,True
lens_scene,primer_cosmos,135,149.952993,2.432499,0.497129,0.034338,SER,933.733826,0.150866,True
lens_scene,primer_cosmos,136,149.953303,2.386534,0.853510,0.090044,DEV,646.900696,0.142867,True
lens_scene,primer_cosmos,137,149.954089,2.384828,0.930359,0.080318,DEV,820.704102,0.173354,True
lens_scene,primer_cosmos,138,149.954375,2.430303,0.428913,0.081808,EXP,164.912369,0.117696,True
lens_scene,primer_cosmos,139,149.954607,2.409222,0.491048,0.044926,SER,688.989380,0.090064,True
lens_scene,primer_cosmos,140,149.955513,2.385073,0.937306,0.069031,REX,1561.715332,0.194194,True
lens_scene,primer_cosmos,141,149.956314,2.456086,0.762968,0.070457,REX,722.612732,0.123521,True
lens_scene,primer_cosmos,142,149.956636,2.441886,0.425478,0.079146,SER,268.883057,0.106479,True
lens_scene,primer_cosmos,143,149.957170,2.435772,0.461032,0.056995,REX,125.833496,0.078024,True
lens_scene,primer_cosmos,144,149.957291,2.438338,0.364830,0.053447,SER,2121.741943,0.195810,True
lens_scene,primer_cosmos,145,149.958008,2.455636,0.452009,0.092019,REX,133.998611,0.162376,True
lens_scene,primer_cosmos,146,149.958184,2.407836,0.462845,0.024793,SER,1935.074951,0.164073,True
lens_scene,primer_cosmos,147,149.959488,2.403018,0.847584,0.055775,REX,573.550659,0.102308,True
lens_scene,primer_cosmos,148,149.959540,2.423173,0.248021,0.049466,EXP,914.778381,0.074955,True
lens_scene,primer_cosmos,149,149.959970,2.410298,0.991328,0.091965,EXP,319.065063,0.112084,True
lens_scene,primer_cosmos,150,149.961198,2.447638,0.885097,0.090191,REX,429.775696,0.170602,True
lens_scene,primer_cosmos,151,149.962118,2.457623,0.892078,0.094755,SER,965.714355,0.035298,True
lens_scene,primer_cosmos,152,149.962837,2.447502,0.881716,0.033586,SER,2109.636963,0.170276,True
lens_scene,primer_cosmos,153,149.963046,2.431464,0.576707,0.074292,SER,5123.503418,0.283264,True
lens_scene,primer_cosmos,154,149.963491,2.441752,0.733936,0.042404,SER,1055.797119,0.120136,True
lens_scene,primer_cosmos,155,149.963723,2.422803,0.869455,0.063270,EXP,2222.269775,0.104286,True
lens_scene,primer_cosmos,156,149.963940,2.444230,0.867357,0.043940,REX,1229.598755,0.165341,True
lens_scene,primer_cosmos,157,149.964368,2.453710,0.263039,0.052822,SER,1499.207642,0.189846,True
lens_scene,primer_cosmos,158,149.965068,2.423755,0.687789,0.084372,SER,101.525581,0.059693,True
lens_scene,primer_cosmos,159,149.965095,2.458618,0.906345,0.078859,REX,674.814819,0.225258,True
lens_scene,primer_cosmos,160,149.965338,2.452632,0.921510,0.099156,REX,233.377792,0.154056,True
lens_scene,primer_cosmos,161,149.966759,2.420305,0.932103,0.061056,REX,1312.154053,0.196476,True
lens_scene,primer_cosmos,162,149.967465,2.440054,0.401410,0.068803,REX,208.947754,0.048141,True
lens_scene,primer_cosmos,163,149.969977,2.461319,0.736470,0.093502,SER,754.584778,0.059579,True
lens_scene,primer_cosmos,164,149.970278,2.417403,0.877788,0.051017,REX,632.637573,0.158071,True
lens_scene,primer_cosmos,165,149.971496,2.459278,0.399486,0.032070,REX,2381.680908,0.209817,True
lens_scene,primer_cosmos,166,149.971939,2.460488,0.439302,0.081195,DEV,110.764244,0.095569,True
lens_scene,primer_cosmos,167,149.972299,2.389577,0.677529,0.040204,EXP,253.659973,0.093604,True
lens_scene,primer_cosmos,168,149.972388,2.438169,0.708480,0.038154,REX,1713.083984,0.196575,True
lens_scene,primer_cosmos,169,149.972866,2.457906,0.260319,0.074780,SER,518.049744,0.141423,True
lens_scene,primer_cosmos,170,149.973116,2.460844,0.071456,0.030722,SER,255.136932,0.052023,True
lens_scene,primer_cosmos,171,149.973252,2.417289,0.884380,0.086404,EXP,386.771759,0.102897,True
lens_scene,primer_cosmos,172,149.973369,2.448231,0.263768,0.009367,SER,3312.948730,0.120376,True
lens_scene,primer_cosmos,173,149.973809,2.375773,0.625578,0.053255,EXP,718.761169,0.083251,True
lens_scene,primer_cosmos,174,149.974222,2.383722,0.659335,0.041323,EXP,933.067200,0.106033,True
lens_scene,primer_cosmos,175,149.975142,2.427160,0.456237,0.044971,REX,1628.867676,0.092720,True
lens_scene,primer_cosmos,176,149.975673,2.461455,0.356210,0.029581,REX,7975.886719,0.269766,True
lens_scene,primer_cosmos,177,149.976054,2.410592,0.731668,0.046522,SER,1376.660645,0.065427,True
lens_scene,primer_cosmos,178,149.976275,2.405212,0.983742,0.086542,REX,213.545029,0.112387,True
lens_scene,primer_cosmos,179,149.976353,2.414986,0.692213,0.062656,EXP,108.500076,0.096056,True
lens_scene,primer_cosmos,180,149.976373,2.398759,0.677514,0.029712,SER,2103.449951,0.200526,True
lens_scene,primer_cosmos,181,149.978698,2.456506,0.279352,0.011093,SER,1988.716919,0.138218,True
lens_scene,primer_cosmos,182,149.978820,2.375923,0.623849,0.045842,SER,438.885162,0.131261,True
lens_scene,primer_cosmos,183,149.980972,2.387828,0.737392,0.034556,REX,2339.677246,0.179554,True
lens_scene,primer_cosmos,184,149.983613,2.456752,0.664712,0.075254,DEV,671.768494,0.225799,True
lens_scene,primer_cosmos,185,149.984288,2.420366,0.734777,0.096974,EXP,106.043327,0.100464,True
lens_scene,primer_cosmos,186,149.985290,2.376831,0.520668,0.092441,DEV,740.030457,0.206125,True
lens_scene,primer_cosmos,187,149.986270,2.415418,0.254127,0.036179,DEV,1219.324341,0.168724,True
lens_scene,primer_cosmos,188,149.986279,2.408344,0.345898,0.026542,REX,1386.848022,0.150501,True
lens_scene,primer_cosmos,189,149.986641,2.422499,0.724564,0.088366,REX,554.807312,0.074864,True
lens_scene,primer_cosmos,190,149.989200,2.383869,0.481999,0.075984,REX,114.888504,0.159790,True
lens_scene,primer_cosmos,191,149.989416,2.451689,0.282477,0.038922,SER,956.466919,0.143369,True
lens_scene,primer_cosmos,192,149.989921,2.402556,0.282401,0.045215,SER,361.379303,0.062694,True
lens_scene,primer_cosmos,193,149.991144,2.450918,0.685155,0.039340,DEV,808.262451,0.193048,True
lens_scene,primer_cosmos,194,149.992815,2.449320,0.611373,0.072148,SER,375.429871,0.090380,True
lens_scene,primer_cosmos,195,149.993015,2.418252,0.447010,0.065579,REX,278.022736,0.203550,True
lens_scene,primer_cosmos,196,149.993076,2.401442,0.962459,0.070969,REX,224.201523,0.046703,True
lens_scene,primer_cosmos,197,149.994020,2.448554,0.695627,0.052479,REX,1089.248413,0.127985,True
lens_scene,primer_cosmos,198,149.996103,2.455936,0.710968,0.037550,REX,938.443298,0.247296,True
lens_scene,primer_cosmos,199,149.997082,2.406557,0.317278,0.050734,SER,435.644775,0.084520,True
lens_scene,primer_cosmos,200,149.997366,2.416189,0.632047,0.099232,REX,3402.976318,0.276436,True
lens_scene,primer_cosmos,201,149.997469,2.431848,0.779045,0.043974,REX,1541.892334,0.207490,True
lens_scene,primer_cosmos,202,149.997641,2.453668,0.759006,0.065436,EXP,904.282104,0.151162,True
lens_scene,primer_cosmos,203,149.997814,2.389789,0.808199,0.022398,SER,2391.607910,0.171330,True
lens_scene,primer_cosmos,204,149.998629,2.389317,0.361793,0.065759,SER,286.163574,0.078799,True
lens_scene,primer_cosmos,205,149.999265,2.454159,0.684803,0.025849,REX,1432.585693,0.201693,True
lens_scene,primer_cosmos,206,150.002344,2.401317,0.961303,0.058468,REX,565.493835,0.089906,True
lens_scene,primer_cosmos,207,150.002420,2.386530,0.646984,0.075576,EXP,624.704468,0.101753,True
lens_scene,primer_cosmos,208,150.002680,2.455569,0.850377,0.073281,REX,531.030151,0.170836,True
lens_scene,primer_cosmos,209,150.003176,2.444303,0.879644,0.090443,DEV,193.616791,0.083165,True
lens_scene,primer_cosmos,210,150.003208,2.407484,0.474573,0.063014,DEV,2859.060547,0.035922,True
lens_scene,primer_cosmos,211,150.003310,2.407535,0.371771,0.030619,SER,2859.060547,0.113395,True
lens_scene,primer_cosmos,212,150.004881,2.449085,0.714023,0.046481,DEV,1071.707153,0.135371,True
lens_scene,primer_cosmos,213,150.005526,2.444259,0.787062,0.070162,REX,804.726318,0.257870,True
lens_scene,primer_cosmos,214,150.006126,2.449946,0.777409,0.099565,EXP,172.909241,0.022314,True
lens_scene,primer_cosmos,215,150.006161,2.430998,0.269738,0.038903,EXP,421.932648,0.078438,True
lens_scene,primer_cosmos,216,150.006367,2.445216,0.678216,0.050739,DEV,1602.276001,0.151156,True
lens_scene,primer_cosmos,217,150.006701,2.422188,0.215376,0.051768,REX,824.100403,0.168553,True
lens_scene,primer_cosmos,218,150.006752,2.440919,0.718007,0.041288,SER,756.486694,0.184647,True
lens_scene,primer_cosmos,219,150.007099,2.453444,0.790658,0.049453,DEV,1377.772339,0.133032,True
lens_scene,primer_cosmos,220,150.007682,2.445880,0.717528,0.031712,REX,1313.474487,0.178210,True
lens_scene,primer_cosmos,221,150.007838,2.428460,0.558115,0.080805,EXP,112.788826,0.120831,True
lens_scene,primer_cosmos,222,150.010589,2.452874,0.725246,0.048077,REX,759.665344,0.197881,True
lens_scene,primer_cosmos,223,150.011302,2.447441,0.985927,0.099457,REX,539.348755,0.167760,True
lens_scene,primer_cosmos,224,150.011925,2.410121,0.258137,0.039235,SER,576.988525,0.144913,True
lens_scene,primer_cosmos,225,150.012295,2.449524,0.778966,0.075073,DEV,295.907318,0.135583,True
lens_scene,primer_cosmos,226,150.013090,2.428183,0.756204,0.041400,REX,970.042725,0.237045,True
lens_scene,primer_cosmos,227,150.014410,2.417061,0.713711,0.064091,REX,847.177673,0.119060,True
lens_scene,primer_cosmos,228,150.015480,2.440737,0.277855,0.053612,DEV,710.838501,0.149594,True
lens_scene,primer_cosmos,229,150.016228,2.438613,0.608591,0.025330,SER,2490.843018,0.182226,True
lens_scene,primer_cosmos,230,150.018140,2.437184,0.346398,0.045169,SER,1038.917725,0.189533,True
lens_scene,primer_cosmos,231,150.018150,2.430740,0.219566,0.005533,SER,5280.297363,0.126366,True
lens_scene,primer_cosmos,232,150.018475,2.446201,0.680645,0.073382,REX,153.394531,0.085723,True
lens_scene,primer_cosmos,233,150.018600,2.427153,0.288382,0.055859,EXP,149.904495,0.055417,True
lens_scene,primer_cosmos,234,150.020568,2.438606,0.858006,0.067848,DEV,288.972046,0.139154,True
lens_scene,primer_cosmos,235,150.020709,2.422620,0.698125,0.044086,REX,771.942261,0.099544,True
lens_scene,primer_cosmos,236,150.022142,2.421033,0.949299,0.071438,REX,345.749786,0.048348,True
lens_scene,primer_cosmos,237,150.022347,2.425453,0.445075,0.040069,REX,976.349426,0.117846,True
lens_scene,primer_cosmos,238,150.023624,2.443265,0.277508,0.036202,SER,518.174011,0.098955,True
lens_scene,primer_cosmos,239,150.023774,2.446685,0.734570,0.044028,REX,972.966675,0.204424,True
lens_scene,primer_cosmos,240,150.027952,2.445154,0.416400,0.070173,DEV,1429.064209,0.174716,True
lens_scene,primer_cosmos,241,150.028513,2.442212,0.593667,0.098971,DEV,159.810852,0.141688,True
lens_scene,primer_uds,242,34.345675,-5.175838,0.565288,0.099772,DEV,433.320190,0.071319,False
lens_scene,primer_uds,243,34.345874,-5.214130,0.640742,0.033633,REX,4220.223633,0.154256,False
lens_scene,primer_uds,244,34.345909,-5.223113,0.671224,0.048117,REX,881.171326,0.109374,False
lens_scene,primer_uds,245,34.346678,-5.242779,0.518518,0.080951,REX,181.431427,0.159805,False
lens_scene,primer_uds,246,34.347321,-5.231408,0.499245,0.049621,SER,2095.286133,0.046512,False
lens_scene,primer_uds,247,34.347499,-5.236888,0.806557,0.067518,REX,4639.933594,0.220456,False
lens_scene,primer_uds,248,34.347963,-5.228322,0.240892,0.036764,SER,221.330032,0.067397,False
lens_scene,primer_uds,249,34.348439,-5.203727,0.938124,0.088578,EXP,347.702454,0.051914,False
lens_scene,primer_uds,250,34.348890,-5.186155,0.520944,0.092024,EXP,185.699722,0.138763,False
lens_scene,primer_uds,251,34.349902,-5.190726,0.697735,0.083389,REX,698.365295,0.166665,False
lens_scene,primer_uds,252,34.350427,-5.228699,0.526089,0.091043,DEV,589.071899,0.171545,False
lens_scene,primer_uds,253,34.350594,-5.265607,0.401910,0.048205,EXP,1783.219604,0.123993,False
lens_scene,primer_uds,254,34.351032,-5.311254,0.727893,0.088330,SER,550.978333,0.085884,False
lens_scene,primer_uds,255,34.351636,-5.214494,0.928667,0.033621,SER,6291.717285,0.220430,False
lens_scene,primer_uds,256,34.352304,-5.194703,0.468157,0.094582,REX,270.724304,0.198401,False
lens_scene,primer_uds,257,34.352499,-5.165299,0.403006,0.073972,REX,634.526733,0.220393,False
lens_scene,primer_uds,258,34.352627,-5.162656,0.940935,0.066121,REX,1698.803711,0.128985,False
lens_scene,primer_uds,259,34.353951,-5.187756,0.246386,0.024765,SER,10279.203125,0.259435,False
lens_scene,primer_uds,260,34.355029,-5.314711,0.541231,0.044867,EXP,4542.648926,0.170655,False
lens_scene,primer_uds,261,34.355847,-5.193023,0.603800,0.075899,DEV,2157.872070,0.194668,False
lens_scene,primer_uds,262,34.355886,-5.170199,0.553945,0.066979,EXP,389.792419,0.124482,False
lens_scene,primer_uds,263,34.355964,-5.198379,0.564049,0.023379,SER,5780.193848,0.214595,False
lens_scene,primer_uds,264,34.355994,-5.204098,0.694674,0.056337,REX,349.129883,0.108712,False
lens_scene,primer_uds,265,34.356553,-5.199657,0.580988,0.060863,REX,1143.100342,0.176792,False
lens_scene,primer_uds,266,34.356756,-5.228666,0.915529,0.092196,REX,917.262939,0.236214,False
lens_scene,primer_uds,267,34.357193,-5.212147,0.645896,0.048855,SER,2051.579590,0.144670,False
lens_scene,primer_uds,268,34.357898,-5.194470,0.961247,0.083256,EXP,252.924728,0.099031,False
lens_scene,primer_uds,269,34.358299,-5.188868,0.954041,0.066167,REX,5894.482422,0.244306,False
lens_scene,primer_uds,270,34.358530,-5.265399,0.518887,0.072414,REX,617.589661,0.216061,False
lens_scene,primer_uds,271,34.358792,-5.173936,0.576073,0.057578,EXP,1561.955933,0.189472,False
lens_scene,primer_uds,272,34.359241,-5.257612,0.833396,0.061479,REX,878.761475,0.120937,False
lens_scene,primer_uds,273,34.359379,-5.236239,0.374419,0.065501,REX,4890.831543,0.300628,False
lens_scene,primer_uds,274,34.360068,-5.177690,0.582870,0.063416,SER,1632.563477,0.027788,False
lens_scene,primer_uds,275,34.360134,-5.316657,0.529899,0.055666,REX,1734.812622,0.179876,False
lens_scene,primer_uds,276,34.360443,-5.229334,0.782004,0.043946,DEV,4650.625488,0.225800,False
lens_scene,primer_uds,277,34.360470,-5.162326,0.404052,0.070190,REX,6544.141602,0.173964,False
lens_scene,primer_uds,278,34.360624,-5.178754,0.809477,0.045238,DEV,5470.933594,0.338431,False
lens_scene,primer_uds,279,34.360717,-5.239211,0.839992,0.063366,REX,2848.072998,0.226045,False
lens_scene,primer_uds,280,34.361200,-5.316536,0.497719,0.021085,SER,12115.330078,0.250496,False
lens_scene,primer_uds,281,34.361723,-5.149217,0.743907,0.040563,REX,779.873962,0.088249,False
lens_scene,primer_uds,282,34.361735,-5.245550,0.849642,0.051404,DEV,2391.980713,0.208245,False
lens_scene,primer_uds,283,34.361869,-5.221290,0.650135,0.045353,REX,4561.914062,0.245340,False
lens_scene,primer_uds,284,34.361883,-5.287558,0.279779,0.099669,EXP,808.606812,0.147715,False
lens_scene,primer_uds,285,34.361900,-5.212517,0.884574,0.088288,DEV,2453.828369,0.234268,False
lens_scene,primer_uds,286,34.362125,-5.153910,0.557853,0.056302,REX,1294.664307,0.181259,False
lens_scene,primer_uds,287,34.362308,-5.290732,0.600359,0.073335,SER,2338.831299,0.165978,False
lens_scene,primer_uds,288,34.362589,-5.217781,0.491455,0.081598,REX,216.073975,0.125273,False
lens_scene,primer_uds,289,34.362950,-5.164008,0.593317,0.034451,DEV,6704.834473,0.326835,False
lens_scene,primer_uds,290,34.364266,-5.255787,0.470353,0.036362,EXP,1100.155151,0.090711,False
lens_scene,primer_uds,291,34.364338,-5.266216,0.856876,0.085042,EXP,562.058533,0.123278,False
lens_scene,primer_uds,292,34.364473,-5.186948,0.243982,0.018019,SER,5791.933105,0.080546,False
lens_scene,primer_uds,293,34.364519,-5.195853,0.723228,0.035983,EXP,6219.517578,0.344106,False
lens_scene,primer_uds,294,34.365061,-5.233418,0.572461,0.062145,EXP,1015.758972,0.141320,False
lens_scene,primer_uds,295,34.365298,-5.313992,0.693352,0.045703,DEV,2926.312012,0.142229,False
lens_scene,primer_uds,296,34.365651,-5.225107,0.874585,0.093935,EXP,814.163513,0.089228,False
lens_scene,primer_uds,297,34.365711,-5.186309,0.535102,0.058180,EXP,2670.301514,0.228479,False
lens_scene,primer_uds,298,34.366003,-5.224455,0.866695,0.084161,REX,755.094910,0.096379,False
lens_scene,primer_uds,299,34.366300,-5.184293,0.460630,0.085066,EXP,1465.830933,0.142334,False
lens_scene,primer_uds,300,34.367024,-5.192962,0.530874,0.057788,REX,1724.504395,0.243635,False
lens_scene,primer_uds,301,34.367274,-5.315667,0.457611,0.075923,REX,1044.587158,0.182122,False
lens_scene,primer_uds,302,34.367357,-5.265646,0.473148,0.052784,EXP,1128.608154,0.145846,False
lens_scene,primer_uds,303,34.367747,-5.267320,0.651340,0.060753,REX,384.113586,0.075348,False
lens_scene,primer_uds,304,34.367958,-5.267983,0.664800,0.039605,REX,677.673828,0.104109,False
lens_scene,primer_uds,305,34.367971,-5.181897,0.677549,0.050523,REX,3745.051514,0.220160,False
lens_scene,primer_uds,306,34.368402,-5.201155,0.861880,0.069662,REX,3148.684814,0.275604,False
lens_scene,primer_uds,307,34.368678,-5.250777,0.327821,0.093064,EXP,397.679138,0.115006,False
lens_scene,primer_uds,308,34.369163,-5.172406,0.817914,0.065550,REX,1274.869385,0.134947,False
lens_scene,primer_uds,309,34.369264,-5.267952,0.405549,0.082420,EXP,154.592392,0.079546,False
lens_scene,primer_uds,310,34.369755,-5.202811,0.525465,0.096835,EXP,151.751358,0.171083,False
lens_scene,primer_uds,311,34.369938,-5.215412,0.716521,0.067514,REX,847.179443,0.154868,False
lens_scene,primer_uds,312,34.370012,-5.295090,0.515469,0.073181,REX,101.289261,0.087798,False
lens_scene,primer_uds,313,34.370324,-5.246904,0.992055,0.081831,EXP,6679.837402,0.265929,False
lens_scene,primer_uds,314,34.370416,-5.298214,0.917713,0.096415,EXP,1756.772949,0.194197,False
lens_scene,primer_uds,315,34.370618,-5.221624,0.659207,0.026917,REX,5493.646484,0.237778,False
lens_scene,primer_uds,316,34.370838,-5.314284,0.497431,0.031996,SER,6553.031738,0.110402,False
lens_scene,primer_uds,317,34.370881,-5.214506,0.921342,0.095408,DEV,926.231934,0.160191,False
lens_scene,primer_uds,318,34.370996,-5.216506,0.614918,0.037400,SER,6340.451172,0.195253,False
lens_scene,primer_uds,319,34.371004,-5.263650,0.957517,0.072724,REX,1804.625610,0.150296,False
lens_scene,primer_uds,320,34.371679,-5.195678,0.815673,0.067163,REX,2474.719482,0.241524,False
lens_scene,primer_uds,321,34.372658,-5.207061,0.688965,0.052946,REX,2932.960205,0.293566,False
lens_scene,primer_uds,322,34.372819,-5.251152,0.956023,0.061633,DEV,5054.824707,0.254941,False
lens_scene,primer_uds,323,34.373278,-5.259211,0.677944,0.073064,EXP,3449.031494,0.199868,False
lens_scene,primer_uds,324,34.374049,-5.215102,0.477162,0.089457,EXP,150.474594,0.083292,False
lens_scene,primer_uds,325,34.374104,-5.313411,0.636517,0.019520,SER,7960.556641,0.185808,False
lens_scene,primer_uds,326,34.374141,-5.232615,0.524795,0.065912,REX,422.888519,0.141725,False
lens_scene,primer_uds,327,34.374685,-5.223800,0.559601,0.076848,SER,569.703491,0.128327,False
lens_scene,primer_uds,328,34.374863,-5.317951,0.697642,0.086345,REX,283.402069,0.107262,False
lens_scene,primer_uds,329,34.375234,-5.234302,0.691810,0.074340,REX,1321.356323,0.255052,False
lens_scene,primer_uds,330,34.376327,-5.198940,0.595851,0.082710,REX,1327.744141,0.274510,False
lens_scene,primer_uds,331,34.376591,-5.304558,0.150878,0.057748,EXP,388.023712,0.087943,False
lens_scene,primer_uds,332,34.377141,-5.203477,0.718136,0.092560,REX,2126.258301,0.258950,False
lens_scene,primer_uds,333,34.377194,-5.228278,0.475068,0.061666,EXP,296.260651,0.102817,False
lens_scene,primer_uds,334,34.377197,-5.222715,0.679137,0.048056,SER,3065.191162,0.173129,False
lens_scene,primer_uds,335,34.377567,-5.213720,0.656409,0.049992,REX,3278.487061,0.314268,False
lens_scene,primer_uds,336,34.377799,-5.293616,0.307997,0.031346,SER,1136.784180,0.113970,False
lens_scene,primer_uds,337,34.378384,-5.307934,0.437567,0.083916,EXP,421.981964,0.105933,False
lens_scene,primer_uds,338,34.378690,-5.218176,0.328653,0.034729,SER,3361.948730,0.135320,False
lens_scene,primer_uds,339,34.379293,-5.240624,0.820623,0.053638,REX,3955.634033,0.316262,False
lens_scene,primer_uds,340,34.379405,-5.210419,0.664953,0.036781,DEV,5184.828125,0.320776,False
lens_scene,primer_uds,341,34.379792,-5.305804,0.295652,0.043971,REX,8226.520508,0.213655,False
lens_scene,primer_uds,342,34.379865,-5.205107,0.598589,0.064979,EXP,859.740112,0.141286,False
lens_scene,primer_uds,343,34.380441,-5.204684,0.589158,0.034214,REX,6760.428223,0.326262,False
lens_scene,primer_uds,344,34.382124,-5.261225,0.645811,0.054665,EXP,2599.604492,0.222468,False
lens_scene,primer_uds,345,34.383451,-5.272931,0.843959,0.094888,EXP,580.306702,0.057388,False
lens_scene,primer_uds,346,34.383454,-5.281633,0.461082,0.021556,SER,7517.309570,0.228545,False
lens_scene,primer_uds,347,34.383734,-5.227678,0.692657,0.052842,REX,3142.544189,0.269674,False
lens_scene,primer_uds,348,34.384706,-5.259721,0.482422,0.081017,REX,1163.650513,0.281577,False
lens_scene,primer_uds,349,34.384885,-5.272769,0.520091,0.086366,DEV,1115.527466,0.082348,False
lens_scene,primer_uds,350,34.385641,-5.216572,0.658616,0.027439,DEV,6412.717773,0.218405,False
lens_scene,primer_uds,351,34.386040,-5.293985,0.459331,0.024162,SER,9737.142578,0.191771,False
lens_scene,primer_uds,352,34.387100,-5.200037,0.728236,0.063893,REX,2407.142090,0.266623,False
lens_scene,primer_uds,353,34.387389,-5.300377,0.398777,0.060167,DEV,5955.399902,0.241108,False
lens_scene,primer_uds,354,34.387422,-5.225464,0.672943,0.032138,REX,4447.136230,0.168244,False
lens_scene,primer_uds,355,34.387608,-5.220522,0.705880,0.057348,REX,4386.678223,0.289243,False
lens_scene,primer_uds,356,34.387767,-5.310305,0.636012,0.045017,DEV,5507.375977,0.186479,False
lens_scene,primer_uds,357,34.389601,-5.301102,0.546027,0.089276,REX,278.795563,0.194349,False
lens_scene,primer_uds,358,34.389651,-5.293646,0.323153,0.060969,REX,8517.082031,0.242440,False
lens_scene,primer_uds,359,34.389831,-5.259408,0.513670,0.037687,REX,3121.523682,0.295511,False
lens_scene,primer_uds,360,34.389881,-5.298798,0.316187,0.014784,SER,12745.922852,0.163645,False
lens_scene,primer_uds,361,34.390370,-5.201129,0.663605,0.032974,REX,8067.293457,0.259258,False
lens_scene,primer_uds,362,34.390451,-5.217308,0.721978,0.075862,REX,635.362793,0.165308,False
lens_scene,primer_uds,363,34.390515,-5.214458,0.631271,0.042165,DEV,4293.871582,0.242661,False
lens_scene,primer_uds,364,34.390804,-5.233863,0.621900,0.030692,SER,6959.155762,0.237786,False
lens_scene,primer_uds,365,34.391495,-5.225455,0.447416,0.048573,REX,2420.565674,0.252165,False
lens_scene,primer_uds,366,34.391821,-5.224925,0.525749,0.074300,SER,2047.280640,0.022115,False
lens_scene,primer_uds,367,34.392451,-5.227560,0.446905,0.025514,SER,10010.838867,0.222546,False
lens_scene,primer_uds,368,34.392891,-5.228496,0.604669,0.070468,EXP,860.638428,0.121124,False
lens_scene,primer_uds,369,34.393010,-5.238078,0.642806,0.054023,EXP,392.986237,0.127687,False
lens_scene,primer_uds,370,34.393035,-5.254192,0.489468,0.070958,REX,212.582672,0.125126,False
lens_scene,primer_uds,371,34.393149,-5.212296,0.667330,0.039242,DEV,2373.822266,0.248468,False
lens_scene,primer_uds,372,34.394149,-5.220362,0.657895,0.043042,SER,11456.100586,0.268550,False
lens_scene,primer_uds,373,34.394419,-5.221183,0.660367,0.049478,REX,1563.391724,0.207724,False
lens_scene,primer_uds,374,34.395687,-5.309355,0.486745,0.073800,EXP,306.001984,0.142743,False
lens_scene,primer_uds,375,34.395711,-5.224754,0.671037,0.054368,REX,2148.022217,0.205771,False
lens_scene,primer_uds,376,34.395723,-5.231747,0.358718,0.018646,SER,8299.685547,0.263245,False
lens_scene,primer_uds,377,34.396043,-5.263130,0.587158,0.029396,SER,7153.927734,0.288241,False
lens_scene,primer_uds,378,34.396495,-5.275570,0.506174,0.056600,SER,316.619720,0.094517,False
lens_scene,primer_uds,379,34.396596,-5.317216,0.983905,0.074784,REX,1158.401001,0.114715,False
lens_scene,primer_uds,380,34.396843,-5.264265,0.167891,0.072727,REX,479.105408,0.119675,False
lens_scene,primer_uds,381,34.397005,-5.227378,0.639358,0.032808,REX,2198.132568,0.144766,False
lens_scene,primer_uds,382,34.397062,-5.225135,0.619332,0.033670,SER,11296.748047,0.223925,False
lens_scene,primer_uds,383,34.397106,-5.307332,0.260607,0.081425,EXP,514.751770,0.134399,False
lens_scene,primer_uds,384,34.397243,-5.202132,0.522129,0.048370,EXP,8162.617188,0.313419,False
lens_scene,primer_uds,385,34.397266,-5.297738,0.318781,0.049410,SER,9121.414062,0.171406,False
lens_scene,primer_uds,386,34.397852,-5.198884,0.694729,0.045137,REX,5163.182129,0.305545,False
lens_scene,primer_uds,387,34.398121,-5.303765,0.890964,0.057516,DEV,3630.355713,0.217145,False
lens_scene,primer_uds,388,34.399125,-5.239046,0.632517,0.031001,REX,2988.961670,0.187064,False
lens_scene,primer_uds,389,34.399162,-5.263734,0.697592,0.059462,SER,2700.529297,0.069979,False
lens_scene,primer_uds,390,34.400181,-5.197331,0.488852,0.067115,EXP,181.550140,0.095233,False
lens_scene,primer_uds,391,34.401262,-5.204617,0.514141,0.090710,DEV,205.803513,0.156990,False
lens_scene,primer_uds,392,34.401733,-5.196533,0.379050,0.045494,REX,1990.627930,0.116333,False
lens_scene,primer_uds,393,34.402169,-5.298557,0.536509,0.082960,REX,1186.753906,0.088777,False
lens_scene,primer_uds,394,34.402629,-5.226164,0.705144,0.037124,DEV,7480.025879,0.287441,False
lens_scene,primer_uds,395,34.402912,-5.228100,0.658396,0.049835,REX,2411.292236,0.300764,False
lens_scene,primer_uds,396,34.403081,-5.301297,0.325172,0.037246,SER,7851.258301,0.268781,False
lens_scene,primer_uds,397,34.403781,-5.232243,0.694534,0.090672,REX,720.828064,0.239935,False
lens_scene,primer_uds,398,34.404397,-5.207398,0.552275,0.046292,REX,2420.235352,0.291353,False
lens_scene,primer_uds,399,34.404817,-5.224858,0.697465,0.047894,SER,10175.075195,0.223833,False
lens_scene,primer_uds,400,34.404957,-5.301582,0.293166,0.051242,SER,227.543564,0.095813,False
lens_scene,primer_uds,401,34.405105,-5.228421,0.700829,0.074774,REX,786.053528,0.215284,False
lens_scene,primer_uds,402,34.405550,-5.278455,0.606019,0.097733,REX,490.238190,0.133375,False
lens_scene,primer_uds,403,34.406253,-5.241956,0.648703,0.020688,SER,6679.867188,0.225361,False
lens_scene,primer_uds,404,34.406254,-5.284816,0.574889,0.093833,REX,2686.083984,0.269104,False
lens_scene,primer_uds,405,34.407532,-5.227765,0.615453,0.075019,EXP,1055.898071,0.108862,False
lens_scene,primer_uds,406,34.407622,-5.239788,0.719580,0.047627,DEV,4231.839844,0.223587,False
lens_scene,primer_uds,407,34.407775,-5.242165,0.672425,0.054937,REX,2384.875488,0.313542,False
lens_scene,primer_uds,408,34.408417,-5.219396,0.637346,0.046825,DEV,5597.614746,0.265286,False
lens_scene,primer_uds,409,34.408984,-5.254348,0.765361,0.098855,REX,1185.497803,0.234571,False
lens_scene,primer_uds,410,34.409084,-5.221935,0.669810,0.031305,REX,6264.321777,0.208957,False
lens_scene,primer_uds,411,34.409118,-5.309485,0.608348,0.031514,DEV,9564.536133,0.275481,False
lens_scene,primer_uds,412,34.409838,-5.219445,0.672759,0.052853,EXP,2449.268311,0.270579,False
lens_scene,primer_uds,413,34.410456,-5.222410,0.599398,0.081251,REX,454.569733,0.128891,False
lens_scene,primer_uds,414,34.410881,-5.229478,0.701723,0.056926,REX,5808.939453,0.320122,False
lens_scene,primer_uds,415,34.411241,-5.264705,0.632675,0.041158,EXP,7856.676270,0.258848,False
lens_scene,primer_uds,416,34.411349,-5.217025,0.718775,0.049227,REX,3480.924072,0.248720,False
lens_scene,primer_uds,417,34.411850,-5.251415,0.678348,0.099645,REX,1501.456421,0.343223,False
lens_scene,primer_uds,418,34.412187,-5.226869,0.653352,0.063035,DEV,1540.526123,0.248558,False
lens_scene,primer_uds,419,34.412389,-5.218079,0.665777,0.026291,REX,6109.340332,0.227178,False
lens_scene,primer_uds,420,34.414034,-5.225757,0.767519,0.069471,EXP,1711.789795,0.027106,False
lens_scene,primer_uds,421,34.414354,-5.226708,0.681536,0.047461,REX,4254.406738,0.306190,False
lens_scene,primer_uds,422,34.415368,-5.228341,0.732958,0.082543,REX,1583.124146,0.261292,False
lens_scene,primer_uds,423,34.415701,-5.136526,0.483097,0.073054,DEV,100.756500,0.122307,False
lens_scene,primer_uds,424,34.417037,-5.249146,0.665352,0.024613,SER,4920.472168,0.148947,False
lens_scene,primer_uds,425,34.418625,-5.237234,0.594971,0.036618,REX,4174.071777,0.199909,False
lens_scene,primer_uds,426,34.418992,-5.269181,0.871426,0.071611,EXP,729.649658,0.094963,False
lens_scene,primer_uds,427,34.420369,-5.134059,0.477184,0.087007,EXP,437.662537,0.149516,False
lens_scene,primer_uds,428,34.421368,-5.225217,0.981879,0.081129,REX,5360.301270,0.347215,False
lens_scene,primer_uds,429,34.421432,-5.136637,0.899069,0.091688,REX,1870.586792,0.152697,False
lens_scene,primer_uds,430,34.421460,-5.208490,0.556179,0.082473,REX,172.636902,0.075733,False
lens_scene,primer_uds,431,34.421873,-5.274830,0.876785,0.087653,DEV,3465.387207,0.222011,False
lens_scene,primer_uds,432,34.422087,-5.249362,0.484130,0.070743,REX,147.714432,0.135724,False
lens_scene,primer_uds,433,34.422659,-5.210243,0.467724,0.061339,REX,820.208496,0.147886,False
lens_scene,primer_uds,434,34.424252,-5.132613,0.868661,0.098075,EXP,710.790283,0.124462,False
lens_scene,primer_uds,435,34.424299,-5.240060,0.661372,0.054940,REX,2564.621582,0.251094,False
lens_scene,primer_uds,436,34.424923,-5.299293,0.488476,0.023962,SER,7538.683594,0.229888,False
lens_scene,primer_uds,437,34.425557,-5.232239,0.625979,0.082495,EXP,1206.385254,0.153652,False
lens_scene,primer_uds,438,34.425558,-5.129627,0.504948,0.097599,REX,441.193420,0.281768,False
lens_scene,primer_uds,439,34.426096,-5.298735,0.411218,0.068274,REX,1053.816040,0.289741,False
lens_scene,primer_uds,440,34.427047,-5.214748,0.494862,0.061210,REX,353.203278,0.084740,False
lens_scene,primer_uds,441,34.428501,-5.153095,0.654882,0.058772,REX,811.045227,0.201202,False
lens_scene,primer_uds,442,34.430489,-5.234523,0.566297,0.058564,SER,886.041138,0.106875,False
lens_scene,primer_uds,443,34.430598,-5.225133,0.690017,0.025673,REX,5957.104004,0.232808,False
lens_scene,primer_uds,444,34.430631,-5.169486,0.316332,0.035601,SER,2136.956787,0.130826,False
lens_scene,primer_uds,445,34.430810,-5.209127,0.643970,0.029280,REX,1330.474243,0.090180,False
lens_scene,primer_uds,446,34.431306,-5.158921,0.576271,0.073145,EXP,406.758972,0.116620,False
lens_scene,primer_uds,447,34.432446,-5.230014,0.693260,0.030986,REX,4551.175293,0.265880,False
lens_scene,primer_uds,448,34.432483,-5.295651,0.019487,0.012002,SER,2735.347168,0.082643,False
lens_scene,primer_uds,449,34.432615,-5.297672,0.030340,0.007055,SER,5049.928223,0.051251,False
lens_scene,primer_uds,450,34.433654,-5.155334,0.508703,0.086479,REX,577.390198,0.252567,False
lens_scene,primer_uds,451,34.435195,-5.202529,0.778113,0.063815,REX,5949.586914,0.325858,False
lens_scene,primer_uds,452,34.435534,-5.152804,0.788161,0.047519,SER,4855.222168,0.257383,False
lens_scene,primer_uds,453,34.435697,-5.256182,0.474279,0.018430,SER,11316.949219,0.184020,False
lens_scene,primer_uds,454,34.435774,-5.231630,0.936605,0.070789,EXP,1348.525757,0.137307,False
lens_scene,primer_uds,455,34.436031,-5.170033,0.345297,0.071511,EXP,280.961304,0.139668,False
lens_scene,primer_uds,456,34.436097,-5.235170,0.479601,0.073354,DEV,147.057358,0.114171,False
lens_scene,primer_uds,457,34.436965,-5.205577,0.818191,0.059258,SER,1600.413330,0.137557,False
lens_scene,primer_uds,458,34.437744,-5.290874,0.818823,0.057801,REX,530.342468,0.062512,False
lens_scene,primer_uds,459,34.438402,-5.171489,0.374179,0.070749,EXP,730.486328,0.078456,False
lens_scene,primer_uds,460,34.438529,-5.219916,0.393645,0.089629,DEV,2131.789795,0.259469,False
lens_scene,primer_uds,461,34.438661,-5.283382,0.873692,0.062322,SER,662.752991,0.056814,False
lens_scene,primer_uds,462,34.438877,-5.263598,0.732964,0.060340,DEV,3013.713623,0.158337,False
lens_scene,primer_uds,463,34.439143,-5.237802,0.524566,0.074345,EXP,488.297668,0.111568,False
lens_scene,primer_uds,464,34.439565,-5.228315,0.219065,0.016685,SER,9340.849609,0.243037,False
lens_scene,primer_uds,465,34.439684,-5.217626,0.711766,0.069417,EXP,1999.203979,0.193262,False
lens_scene,primer_uds,466,34.439817,-5.168566,0.488968,0.034267,REX,2152.107178,0.275861,False
lens_scene,primer_uds,467,34.440114,-5.260597,0.494635,0.087308,EXP,339.719696,0.147447,False
lens_scene,primer_uds,468,34.440292,-5.304006,0.443277,0.091205,REX,194.927017,0.181429,False
lens_scene,primer_uds,469,34.440521,-5.224312,0.796785,0.060425,EXP,4603.416992,0.176160,False
lens_scene,primer_uds,470,34.441133,-5.217999,0.495105,0.079093,REX,194.086029,0.102053,False
lens_scene,primer_uds,471,34.441690,-5.292518,0.987095,0.093510,EXP,147.237488,0.093607,False
lens_scene,primer_uds,472,34.441700,-5.225746,0.441128,0.091909,EXP,128.600327,0.094565,False
lens_scene,primer_uds,473,34.442660,-5.298505,0.726221,0.066026,EXP,2326.421875,0.180170,False
lens_scene,primer_uds,474,34.444438,-5.298960,0.145289,0.013958,SER,12408.654297,0.186809,False
lens_scene,primer_uds,475,34.444621,-5.262159,0.702680,0.091751,EXP,1569.572632,0.120809,False
lens_scene,primer_uds,476,34.444667,-5.226358,0.670860,0.035313,DEV,4505.785156,0.259376,False
lens_scene,primer_uds,477,34.445555,-5.303324,0.217593,0.038581,SER,6061.044434,0.167286,False
lens_scene,primer_uds,478,34.445852,-5.169477,0.546080,0.046583,SER,1267.209839,0.114136,False
lens_scene,primer_uds,479,34.446353,-5.149863,0.453120,0.070881,EXP,562.178528,0.162802,False
lens_scene,primer_uds,480,34.446650,-5.146202,0.464030,0.035751,REX,3387.596680,0.283152,False
lens_scene,primer_uds,481,34.447388,-5.239160,0.456620,0.074390,REX,1533.433960,0.198128,False
lens_scene,primer_uds,482,34.447495,-5.246769,0.970147,0.090108,SER,554.601990,0.110665,False
lens_scene,primer_uds,483,34.447692,-5.179205,0.474278,0.046155,EXP,4298.127441,0.191588,False
lens_scene,primer_uds,484,34.447865,-5.323041,0.850320,0.094343,REX,3183.464600,0.152043,False
lens_scene,primer_uds,485,34.449554,-5.260099,0.483597,0.037169,DEV,5906.151855,0.229808,False
lens_scene,primer_uds,486,34.449567,-5.214890,0.589319,0.086809,EXP,338.900085,0.138558,False
lens_scene,primer_uds,487,34.449829,-5.323139,0.912420,0.065635,REX,1158.075195,0.122362,False
lens_scene,primer_uds,488,34.452590,-5.155932,0.687425,0.045664,REX,3143.964111,0.240567,False
lens_scene,primer_uds,489,34.452655,-5.202217,0.728332,0.042745,REX,939.692383,0.105469,False
lens_scene,primer_uds,490,34.452935,-5.219079,0.639857,0.046763,SER,7852.154297,0.335432,False
lens_scene,primer_uds,491,34.452961,-5.226906,0.345598,0.041936,REX,1470.999390,0.199800,False
lens_scene,primer_uds,492,34.453820,-5.156181,0.694863,0.047311,REX,3702.820801,0.345253,False
lens_scene,primer_uds,493,34.453974,-5.220072,0.540664,0.081364,SER,728.115173,0.090417,False
lens_scene,primer_uds,494,34.454360,-5.230589,0.985297,0.097892,REX,423.154755,0.071061,False
lens_scene,primer_uds,495,34.454945,-5.273454,0.560323,0.067130,EXP,1157.135742,0.154448,False
lens_scene,primer_uds,496,34.455087,-5.253365,0.486376,0.070333,REX,424.911377,0.232525,False
lens_scene,primer_uds,497,34.455105,-5.210419,0.566191,0.042573,REX,2860.351807,0.205073,False
lens_scene,primer_uds,498,34.455288,-5.169715,0.667355,0.069409,EXP,582.582825,0.052377,False
lens_scene,primer_uds,499,34.455778,-5.166506,0.510891,0.055982,EXP,568.288818,0.087544,False
lens_scene,primer_uds,500,34.455865,-5.249337,0.375465,0.077892,EXP,169.334183,0.053314,False
lens_scene,primer_uds,501,34.455905,-5.261004,0.377163,0.092082,REX,3471.933594,0.141288,False
lens_scene,primer_uds,502,34.455979,-5.243743,0.750556,0.088269,EXP,2600.368652,0.211616,False
lens_scene,primer_uds,503,34.456991,-5.257792,0.550017,0.089384,EXP,140.290237,0.066527,False
lens_scene,primer_uds,504,34.457312,-5.229238,0.911714,0.085450,EXP,1668.901978,0.064361,False
lens_scene,primer_uds,505,34.457693,-5.164746,0.975707,0.098542,SER,950.523193,0.058010,False
lens_scene,primer_uds,506,34.458368,-5.267379,0.463719,0.051026,EXP,6432.049316,0.240132,False
lens_scene,primer_uds,507,34.458385,-5.288622,0.602678,0.067874,EXP,3250.294922,0.176452,False
lens_scene,primer_uds,508,34.458544,-5.234963,0.621162,0.064045,SER,1405.276611,0.115129,False
lens_scene,primer_uds,509,34.458607,-5.206909,0.613264,0.096633,EXP,473.237823,0.081721,False
lens_scene,primer_uds,510,34.459023,-5.283668,0.655805,0.085428,REX,726.641724,0.249793,False
lens_scene,primer_uds,511,34.459738,-5.259601,0.440627,0.049832,SER,2218.585449,0.147170,False
lens_scene,primer_uds,512,34.460418,-5.248754,0.636789,0.048807,EXP,3533.158203,0.278780,False
lens_scene,primer_uds,513,34.460428,-5.277292,0.499688,0.083095,REX,403.832703,0.241328,False
lens_scene,primer_uds,514,34.460777,-5.175233,0.552645,0.067552,SER,1230.934814,0.019382,False
lens_scene,primer_uds,515,34.462093,-5.174611,0.386178,0.074803,SER,1398.584595,0.061117,False
lens_scene,primer_uds,516,34.462120,-5.270958,0.413465,0.013736,DEV,8226.050781,0.216757,False
lens_scene,primer_uds,517,34.463538,-5.227973,0.573252,0.081823,REX,203.953552,0.129816,False
lens_scene,primer_uds,518,34.463968,-5.283723,0.612782,0.037101,REX,4568.819336,0.238352,False
lens_scene,primer_uds,519,34.464410,-5.237341,0.495439,0.068783,SER,958.203613,0.172294,False
lens_scene,primer_uds,520,34.465458,-5.300414,0.287928,0.033161,SER,2048.895264,0.108313,False
lens_scene,primer_uds,521,34.467298,-5.240269,0.970051,0.064138,REX,4795.416992,0.335339,False
lens_scene,primer_uds,522,34.468996,-5.254870,0.488834,0.066505,REX,204.832397,0.124248,False
lens_scene,primer_uds,523,34.470473,-5.275992,0.996419,0.084459,DEV,3752.421143,0.161894,False
lens_scene,primer_uds,524,34.471072,-5.301260,0.197268,0.037370,EXP,11997.812500,0.137362,False
lens_scene,primer_uds,525,34.474223,-5.243095,0.194567,0.018110,SER,3126.940674,0.084492,False
lens_scene,primer_uds,526,34.474493,-5.214332,0.598058,0.042164,EXP,3851.944824,0.181669,False
lens_scene,primer_uds,527,34.474831,-5.296039,0.874218,0.066910,REX,4387.831055,0.235058,False
lens_scene,primer_uds,528,34.474940,-5.234342,0.546949,0.089909,REX,324.770660,0.127212,False
lens_scene,primer_uds,529,34.475071,-5.297032,0.889141,0.081692,EXP,2935.456543,0.023328,False
lens_scene,primer_uds,530,34.475313,-5.210936,0.919478,0.075764,EXP,3414.281494,0.291631,False
lens_scene,primer_uds,531,34.475484,-5.213851,0.415649,0.034001,SER,10244.815430,0.254348,False
lens_scene,primer_uds,532,34.475674,-5.301729,0.665906,0.070273,EXP,3288.172852,0.163191,False
lens_scene,primer_uds,533,34.476581,-5.250721,0.494414,0.082627,EXP,202.473114,0.079693,False
lens_scene,primer_uds,534,34.479933,-5.236397,0.470448,0.059622,REX,5258.215332,0.279171,False
lens_scene,primer_uds,535,34.480149,-5.220599,0.411017,0.044106,SER,1190.006348,0.083787,False
lens_scene,primer_uds,536,34.480362,-5.320677,0.484133,0.059900,SER,2594.623779,0.082549,False
lens_scene,primer_uds,537,34.480985,-5.219743,0.462139,0.098180,DEV,153.217667,0.132407,False
lens_scene,primer_uds,538,34.481161,-5.291982,0.562235,0.028865,EXP,2833.763916,0.133917,False
lens_scene,primer_uds,539,34.481565,-5.221239,0.518302,0.061911,REX,193.611526,0.098353,False
lens_scene,primer_uds,540,34.483423,-5.219752,0.747319,0.040055,EXP,2048.881836,0.178036,False
lens_scene,primer_uds,541,34.484680,-5.235317,0.321259,0.031307,SER,4317.852051,0.117094,False
lens_scene,primer_uds,542,34.484890,-5.264478,0.540268,0.060603,EXP,643.438721,0.129666,False
lens_scene,primer_uds,543,34.484972,-5.267096,0.618154,0.037348,REX,1477.201660,0.120820,False
lens_scene,primer_uds,544,34.485316,-5.271498,0.447202,0.078482,EXP,176.777649,0.114264,False
lens_scene,primer_uds,545,34.485665,-5.238917,0.487172,0.099994,EXP,169.917313,0.096371,False
lens_scene,primer_uds,546,34.486007,-5.290051,0.981106,0.090424,EXP,509.065643,0.084160,False
lens_scene,primer_uds,547,34.486290,-5.293972,0.840426,0.088233,EXP,601.821960,0.191851,False
lens_scene,primer_uds,548,34.486913,-5.295890,0.597451,0.080129,EXP,174.872711,0.070992,False
lens_scene,primer_uds,549,34.487288,-5.230410,0.321789,0.060555,REX,8034.895996,0.247184,False
lens_scene,primer_uds,550,34.489724,-5.198219,0.541489,0.083684,EXP,378.646698,0.087892,False
lens_scene,primer_uds,551,34.490742,-5.272129,0.621930,0.071449,REX,992.333923,0.169748,False
lens_scene,primer_uds,552,34.493107,-5.230161,0.331968,0.091743,REX,745.893494,0.111499,False
lens_scene,primer_uds,553,34.494543,-5.197424,0.643058,0.031016,REX,5319.464355,0.282265,False
lens_scene,primer_uds,554,34.494844,-5.307302,0.965629,0.096551,DEV,1094.684326,0.140837,False
lens_scene,primer_uds,555,34.494928,-5.283929,0.917884,0.087614,REX,2171.750244,0.078299,False
lens_scene,primer_uds,556,34.497503,-5.200327,0.931602,0.097780,EXP,2056.265625,0.227218,False
lens_scene,primer_uds,557,34.498056,-5.315288,0.886630,0.069584,REX,3304.703613,0.235958,False
lens_scene,primer_uds,558,34.499861,-5.197947,0.679940,0.043346,EXP,3373.568604,0.221272,False
lens_scene,primer_uds,559,34.499899,-5.262276,0.517942,0.091323,EXP,230.983368,0.117821,False
lens_scene,primer_uds,560,34.500684,-5.298020,0.504055,0.065767,REX,547.098450,0.092161,False
lens_scene,primer_uds,561,34.502126,-5.315774,0.903784,0.051176,REX,4760.085449,0.336883,False
lens_scene,primer_uds,562,34.502138,-5.306910,0.573478,0.093013,EXP,599.464478,0.141834,False
lens_scene,primer_uds,563,34.504464,-5.307745,0.516441,0.022548,SER,9400.912109,0.234578,False
lens_scene,primer_uds,564,34.504567,-5.212632,0.505250,0.062500,EXP,191.910278,0.082052,False
lens_scene,primer_uds,565,34.506708,-5.309763,0.515960,0.059641,REX,1190.735840,0.221735,False
lens_scene,primer_uds,566,34.507404,-5.222419,0.542391,0.043574,EXP,1754.998901,0.115926,False
lens_scene,primer_uds,567,34.510890,-5.252250,0.474574,0.046780,SER,1921.699951,0.174687,False
lens_scene,primer_uds,568,34.512866,-5.320073,0.486842,0.082311,EXP,256.915863,0.197397,False
lens_scene,primer_uds,569,34.514093,-5.320990,0.478273,0.072648,SER,477.875183,0.063653,False
lens_scene,primer_uds,570,34.514580,-5.291414,0.657024,0.059674,EXP,2297.233643,0.179523,False
lens_scene,primer_uds,571,34.516830,-5.311782,0.626607,0.087537,DEV,1269.913818,0.250113,False
lens_scene,primer_uds,572,34.517411,-5.320741,0.731067,0.060323,EXP,1928.455078,0.161810,False
lens_scene,primer_uds,573,34.517983,-5.254983,0.609581,0.045086,REX,3030.223633,0.199309,False
lens_scene,primer_uds,574,34.519021,-5.312268,0.675659,0.046966,REX,4384.315918,0.266575,False
lens_scene,primer_uds,575,34.527973,-5.316188,0.531904,0.078783,SER,1371.010620,0.124412,False
lens_scene,primer_uds,576,34.211899,-5.206142,0.832297,0.030268,SER,5817.901367,0.213997,False
lens_scene,primer_uds,577,34.212561,-5.227030,0.655212,0.036435,SER,1167.406128,0.140492,False
lens_scene,primer_uds,578,34.215253,-5.214179,0.755568,0.059495,EXP,1070.412476,0.128643,False
lens_scene,primer_uds,579,34.216317,-5.215400,0.849647,0.048742,REX,3340.897949,0.196058,False
lens_scene,primer_uds,580,34.223785,-5.255628,0.698736,0.061866,REX,1340.387329,0.186638,False
lens_scene,primer_uds,581,34.224105,-5.246528,0.637046,0.071725,EXP,520.303711,0.133474,False
lens_scene,primer_uds,582,34.224462,-5.237200,0.616271,0.077814,REX,1020.513855,0.174482,False
lens_scene,primer_uds,583,34.224480,-5.271082,0.823138,0.070308,EXP,2173.769287,0.071799,False
lens_scene,primer_uds,584,34.224984,-5.203036,0.748372,0.098008,REX,489.862854,0.122676,False
lens_scene,primer_uds,585,34.225442,-5.242778,0.753052,0.094011,DEV,1173.875000,0.310606,False
lens_scene,primer_uds,586,34.225965,-5.258700,0.834755,0.074925,EXP,2123.677734,0.155631,False
lens_scene,primer_uds,587,34.226043,-5.249023,0.604178,0.042823,SER,9879.653320,0.197581,False
lens_scene,primer_uds,588,34.226750,-5.260813,0.671630,0.097472,EXP,980.663879,0.158604,False
lens_scene,primer_uds,589,34.230168,-5.222181,0.851553,0.042556,SER,1471.941772,0.138197,False
lens_scene,primer_uds,590,34.230275,-5.217780,0.779403,0.040156,DEV,4058.070557,0.224192,False
lens_scene,primer_uds,591,34.231837,-5.253089,0.842131,0.097741,DEV,2083.216064,0.149702,False
lens_scene,primer_uds,592,34.232140,-5.213440,0.596982,0.032541,REX,5857.577148,0.255343,False
lens_scene,primer_uds,593,34.233862,-5.222725,0.821208,0.053711,REX,5622.609375,0.239180,False
lens_scene,primer_uds,594,34.233932,-5.212548,0.505524,0.079687,SER,523.435364,0.066937,False
lens_scene,primer_uds,595,34.234707,-5.245202,0.644936,0.071633,EXP,1407.878296,0.142431,False
lens_scene,primer_uds,596,34.234746,-5.204401,0.581088,0.092286,EXP,361.389893,0.133563,False
lens_scene,primer_uds,597,34.235283,-5.205648,0.523457,0.032211,REX,7444.827148,0.260986,False
lens_scene,primer_uds,598,34.235313,-5.215984,0.391825,0.040192,REX,7080.083008,0.323261,False
lens_scene,primer_uds,599,34.239369,-5.245965,0.661647,0.057560,EXP,597.396790,0.090805,False
lens_scene,primer_uds,600,34.240710,-5.284430,0.289752,0.054804,SER,6514.353516,0.199342,False
lens_scene,primer_uds,601,34.241023,-5.317347,0.319297,0.028907,REX,1089.040771,0.076399,False
lens_scene,primer_uds,602,34.241692,-5.211896,0.887370,0.080286,REX,777.841370,0.088096,False
lens_scene,primer_uds,603,34.243023,-5.302982,0.473115,0.080847,REX,334.433929,0.126555,False
lens_scene,primer_uds,604,34.244605,-5.215781,0.347546,0.039223,SER,2148.674805,0.116364,False
lens_scene,primer_uds,605,34.245168,-5.301835,0.397828,0.058308,REX,4537.503418,0.191752,False
lens_scene,primer_uds,606,34.245574,-5.258171,0.490733,0.073044,EXP,199.077316,0.132348,False
lens_scene,primer_uds,607,34.246687,-5.238141,0.825277,0.079809,REX,538.457886,0.158046,False
lens_scene,primer_uds,608,34.247288,-5.273279,0.679488,0.029496,EXP,2149.959717,0.213838,False
lens_scene,primer_uds,609,34.250931,-5.302337,0.482839,0.069261,EXP,252.172821,0.146428,False
lens_scene,primer_uds,610,34.251061,-5.312134,0.197991,0.025512,SER,3674.757324,0.126296,False
lens_scene,primer_uds,611,34.253080,-5.315690,0.436965,0.089774,EXP,217.621094,0.106145,False
lens_scene,primer_uds,612,34.253335,-5.320845,0.190516,0.073408,SER,270.710785,0.055907,False
lens_scene,primer_uds,613,34.254308,-5.277201,0.521094,0.090474,REX,303.954254,0.110327,False
lens_scene,primer_uds,614,34.255125,-5.316807,0.642756,0.042398,DEV,1152.012207,0.170070,False
lens_scene,primer_uds,615,34.256339,-5.227349,0.619133,0.058500,REX,3879.859863,0.156769,False
lens_scene,primer_uds,616,34.256763,-5.231653,0.800784,0.042478,DEV,3898.462646,0.282592,False
lens_scene,primer_uds,617,34.257373,-5.267901,0.479372,0.069815,REX,258.881287,0.091013,False
lens_scene,primer_uds,618,34.257679,-5.274831,0.439911,0.078730,EXP,158.028046,0.158134,False
lens_scene,primer_uds,619,34.258046,-5.200734,0.682524,0.054928,EXP,2230.311768,0.196445,False
lens_scene,primer_uds,620,34.260816,-5.307805,0.499460,0.021869,SER,8382.101562,0.263865,False
lens_scene,primer_uds,621,34.261047,-5.226590,0.670236,0.065388,EXP,238.894958,0.098402,False
lens_scene,primer_uds,622,34.262720,-5.198448,0.831363,0.075350,EXP,4179.469238,0.195015,False
lens_scene,primer_uds,623,34.263907,-5.205446,0.596713,0.089651,SER,160.038757,0.065465,False
lens_scene,primer_uds,624,34.264990,-5.214274,0.795006,0.024063,DEV,8788.733398,0.234084,False
lens_scene,primer_uds,625,34.267519,-5.209199,0.618055,0.046263,SER,2538.516113,0.131959,False
lens_scene,primer_uds,626,34.267868,-5.223898,0.654914,0.044293,DEV,3266.938965,0.319295,False
lens_scene,primer_uds,627,34.268272,-5.271587,0.281999,0.061398,SER,3129.665039,0.165602,False
lens_scene,primer_uds,628,34.268805,-5.308402,0.454742,0.089036,EXP,153.486847,0.128325,False
lens_scene,primer_uds,629,34.271257,-5.224125,0.396643,0.084970,EXP,229.308212,0.108198,False
lens_scene,primer_uds,630,34.272625,-5.279444,0.829647,0.080276,REX,286.439392,0.135035,False
lens_scene,primer_uds,631,34.272853,-5.258344,0.671454,0.069083,REX,1523.873657,0.223859,False
lens_scene,primer_uds,632,34.272869,-5.210296,0.692761,0.034895,DEV,7362.789062,0.278551,False
lens_scene,primer_uds,633,34.272998,-5.212464,0.565908,0.065386,EXP,1389.502686,0.096261,False
lens_scene,primer_uds,634,34.273181,-5.302704,0.835772,0.086802,REX,846.640381,0.147544,False
lens_scene,primer_uds,635,34.273637,-5.215294,0.646515,0.035771,REX,5504.666992,0.284296,False
lens_scene,primer_uds,636,34.275425,-5.253174,0.422190,0.061687,DEV,1899.161133,0.180635,False
lens_scene,primer_uds,637,34.275799,-5.218094,0.685969,0.058352,REX,1434.417969,0.251445,False
lens_scene,primer_uds,638,34.276009,-5.221613,0.650286,0.023555,DEV,9544.895508,0.235643,False
lens_scene,primer_uds,639,34.276970,-5.227999,0.609672,0.048743,REX,3040.662598,0.291770,False
lens_scene,primer_uds,640,34.277043,-5.271557,0.758342,0.095461,REX,496.520538,0.152469,False
lens_scene,primer_uds,641,34.277221,-5.252131,0.498215,0.061690,EXP,273.005127,0.128017,False
lens_scene,primer_uds,642,34.277985,-5.268270,0.390836,0.083587,EXP,243.144272,0.078911,False
lens_scene,primer_uds,643,34.278527,-5.225189,0.586907,0.045820,REX,2057.062012,0.151005,False
lens_scene,primer_uds,644,34.279415,-5.255717,0.412976,0.042045,EXP,845.424438,0.107602,False
lens_scene,primer_uds,645,34.280863,-5.262263,0.510676,0.071368,REX,732.795044,0.257300,False
lens_scene,primer_uds,646,34.281055,-5.248824,0.651429,0.052242,EXP,320.158539,0.109678,False
lens_scene,primer_uds,647,34.284592,-5.269913,0.658929,0.038292,REX,2409.861084,0.203649,False
lens_scene,primer_uds,648,34.285101,-5.275714,0.328693,0.087777,EXP,3062.248047,0.214738,False
lens_scene,primer_uds,649,34.285743,-5.302290,0.842878,0.078824,REX,648.882935,0.146026,False
lens_scene,primer_uds,650,34.287905,-5.305051,0.802982,0.066134,EXP,3338.594727,0.129223,False
lens_scene,primer_uds,651,34.289681,-5.234232,0.504644,0.067959,EXP,378.879913,0.129747,False
lens_scene,primer_uds,652,34.291180,-5.290915,0.413678,0.063353,REX,1190.519165,0.111234,False
lens_scene,primer_uds,653,34.292444,-5.238871,0.524691,0.092634,EXP,200.679443,0.144848,False
lens_scene,primer_uds,654,34.292684,-5.286346,0.105129,0.026460,SER,3582.311035,0.080315,False
lens_scene,primer_uds,655,34.292874,-5.200242,0.775172,0.058491,EXP,473.890167,0.077182,False
lens_scene,primer_uds,656,34.293401,-5.311666,0.588478,0.080516,REX,425.702637,0.080718,False
lens_scene,primer_uds,657,34.293675,-5.284963,0.645995,0.082839,EXP,393.364532,0.119874,False
lens_scene,primer_uds,658,34.293758,-5.225917,0.913841,0.083955,DEV,3245.645508,0.252482,False
lens_scene,primer_uds,659,34.293950,-5.296990,0.242408,0.036548,SER,3101.000244,0.116420,False
lens_scene,primer_uds,660,34.294226,-5.305821,0.524725,0.032119,REX,5221.010254,0.288823,False
lens_scene,primer_uds,661,34.295505,-5.301991,0.592159,0.067354,REX,646.365051,0.133807,False
lens_scene,primer_uds,662,34.296829,-5.270448,0.418099,0.096355,DEV,326.310272,0.179559,False
lens_scene,primer_uds,663,34.297622,-5.265677,0.669316,0.045583,REX,1647.253540,0.101858,False
lens_scene,primer_uds,664,34.298366,-5.292926,0.449822,0.036716,REX,9588.074219,0.193045,False
lens_scene,primer_uds,665,34.299984,-5.267322,0.494376,0.095714,DEV,501.149994,0.159308,False
lens_scene,primer_uds,666,34.300846,-5.217626,0.930132,0.096384,SER,521.640381,0.063517,False
lens_scene,primer_uds,667,34.300928,-5.232962,0.444223,0.063913,EXP,391.712219,0.078962,False
lens_scene,primer_uds,668,34.301405,-5.279721,0.408967,0.086210,EXP,543.775879,0.100906,False
lens_scene,primer_uds,669,34.302839,-5.300407,0.497036,0.062736,SER,3193.624512,0.165580,False
lens_scene,primer_uds,670,34.303039,-5.315971,0.661455,0.065614,REX,1974.321777,0.154924,False
lens_scene,primer_uds,671,34.303124,-5.272063,0.530447,0.090112,EXP,137.639114,0.085400,False
lens_scene,primer_uds,672,34.303775,-5.281772,0.666027,0.068041,SER,6604.441895,0.181938,False
lens_scene,primer_uds,673,34.307593,-5.238289,0.514679,0.066008,REX,645.944275,0.197897,False
lens_scene,primer_uds,674,34.308427,-5.214547,0.955000,0.095721,REX,367.816040,0.103675,False
lens_scene,primer_uds,675,34.309627,-5.290310,0.906779,0.095586,DEV,1631.367554,0.206656,False
lens_scene,primer_uds,676,34.309708,-5.213668,0.493147,0.067725,EXP,146.175980,0.094876,False
lens_scene,primer_uds,677,34.310349,-5.262750,0.663661,0.030006,SER,10448.885742,0.287364,False
lens_scene,primer_uds,678,34.310457,-5.265238,0.389084,0.099998,REX,644.099365,0.196063,False
lens_scene,primer_uds,679,34.310687,-5.292781,0.111261,0.018823,SER,6840.193848,0.143520,False
lens_scene,primer_uds,680,34.311084,-5.292008,0.104379,0.087057,SER,257.811829,0.027932,False
lens_scene,primer_uds,681,34.311206,-5.317685,0.454573,0.098074,EXP,168.550873,0.120373,False
lens_scene,primer_uds,682,34.311961,-5.300302,0.493248,0.082476,SER,5631.085938,0.130158,False
lens_scene,primer_uds,683,34.312514,-5.208141,0.821127,0.049165,REX,4200.245117,0.267184,False
lens_scene,primer_uds,684,34.315109,-5.218838,0.893585,0.080284,EXP,3683.353516,0.029795,False
lens_scene,primer_uds,685,34.316800,-5.300152,0.938288,0.098171,REX,873.319519,0.217525,False
lens_scene,primer_uds,686,34.318520,-5.307436,0.501465,0.069008,REX,626.288330,0.107344,False
lens_scene,primer_uds,687,34.318926,-5.262424,0.362568,0.079305,SER,491.056152,0.088176,False
lens_scene,primer_uds,688,34.319343,-5.273885,0.464131,0.060646,EXP,177.756439,0.095237,False
lens_scene,primer_uds,689,34.319510,-5.209694,0.747330,0.074971,EXP,462.315491,0.115874,False
lens_scene,primer_uds,690,34.319891,-5.290714,0.501516,0.090290,EXP,1420.582397,0.133401,False
lens_scene,primer_uds,691,34.320267,-5.225315,0.508052,0.074798,REX,427.688324,0.041987,False
lens_scene,primer_uds,692,34.320609,-5.237413,0.508840,0.066385,EXP,825.489746,0.167730,False
lens_scene,primer_uds,693,34.320775,-5.203339,0.770244,0.055179,SER,2453.741699,0.052401,False
lens_scene,primer_uds,694,34.322074,-5.135773,0.099858,0.028684,SER,298.707794,0.077192,False
lens_scene,primer_uds,695,34.323847,-5.270774,0.843382,0.076787,REX,421.767395,0.121619,False
lens_scene,primer_uds,696,34.324060,-5.202383,0.897660,0.074116,REX,519.228271,0.133551,False
lens_scene,primer_uds,697,34.324299,-5.299938,0.361279,0.093009,EXP,396.220428,0.092354,False
lens_scene,primer_uds,698,34.326011,-5.215479,0.942997,0.065190,REX,4715.852539,0.290564,False
lens_scene,primer_uds,699,34.327951,-5.134975,0.374077,0.085071,SER,341.837524,0.079252,False
lens_scene,primer_uds,700,34.327987,-5.233507,0.681821,0.045356,EXP,1561.274170,0.079916,False
lens_scene,primer_uds,701,34.328096,-5.133053,0.674049,0.066308,SER,4658.517090,0.251579,False
lens_scene,primer_uds,702,34.328761,-5.211297,0.695519,0.061675,REX,697.966553,0.127552,False
lens_scene,primer_uds,703,34.329016,-5.133291,0.467552,0.083819,REX,525.459900,0.070077,False
lens_scene,primer_uds,704,34.329141,-5.309724,0.448344,0.054798,SER,1170.060059,0.119768,False
lens_scene,primer_uds,705,34.329755,-5.200538,0.726636,0.080716,REX,219.851730,0.099360,False
lens_scene,primer_uds,706,34.329940,-5.309923,0.933809,0.078818,EXP,596.700256,0.054359,False
lens_scene,primer_uds,707,34.330824,-5.208967,0.480802,0.059394,EXP,647.517212,0.101766,False
lens_scene,primer_uds,708,34.331268,-5.198723,0.730030,0.095870,EXP,1133.024048,0.153632,False
lens_scene,primer_uds,709,34.334102,-5.248038,0.476906,0.099660,SER,1067.902100,0.186544,False
lens_scene,primer_uds,710,34.334132,-5.237692,0.908167,0.062313,DEV,3322.393799,0.293803,False
lens_scene,primer_uds,711,34.334405,-5.146568,0.601244,0.081980,REX,1151.786865,0.082487,False
lens_scene,primer_uds,712,34.334738,-5.243520,0.879607,0.094716,DEV,3278.469482,0.284084,False
lens_scene,primer_uds,713,34.335365,-5.259015,0.901347,0.091983,REX,479.491577,0.125231,False
lens_scene,primer_uds,714,34.336486,-5.179170,0.484996,0.083893,EXP,136.325134,0.100463,False
lens_scene,primer_uds,715,34.337346,-5.188180,0.890062,0.052152,REX,3061.691650,0.248990,False
lens_scene,primer_uds,716,34.337573,-5.222848,0.314777,0.040899,REX,2104.645508,0.081555,False
lens_scene,primer_uds,717,34.337845,-5.149089,0.571229,0.076160,EXP,2482.187744,0.127809,False
lens_scene,primer_uds,718,34.338203,-5.206696,0.891131,0.058054,DEV,3860.560059,0.213424,False
lens_scene,primer_uds,719,34.338626,-5.275446,0.522337,0.052896,EXP,236.381699,0.085498,False
lens_scene,primer_uds,720,34.338826,-5.306614,0.490283,0.027751,REX,7145.836426,0.313026,False
lens_scene,primer_uds,721,34.338948,-5.187910,0.509009,0.094652,REX,829.794434,0.245475,False
lens_scene,primer_uds,722,34.339423,-5.155474,0.802936,0.085822,REX,756.994202,0.117513,False
lens_scene,primer_uds,723,34.339801,-5.283501,0.696914,0.034960,SER,774.810730,0.076811,False
lens_scene,primer_uds,724,34.340066,-5.316751,0.632380,0.034548,SER,8805.752930,0.247210,False
lens_scene,primer_uds,725,34.340165,-5.308486,0.432487,0.053901,REX,1799.574585,0.151681,False
lens_scene,primer_uds,726,34.340841,-5.307373,0.976732,0.085464,EXP,985.782837,0.085695,False
lens_scene,primer_uds,727,34.340881,-5.139819,0.991712,0.063258,DEV,4342.665039,0.299925,False
lens_scene,primer_uds,728,34.340915,-5.136353,0.705104,0.042839,EXP,436.011902,0.049624,False
lens_scene,primer_uds,729,34.340989,-5.290144,0.837419,0.059530,SER,761.285461,0.039002,False
lens_scene,primer_uds,730,34.341045,-5.126331,0.261419,0.069302,EXP,731.506653,0.124175,False
lens_scene,primer_uds,731,34.341171,-5.182862,0.661602,0.085172,REX,990.012268,0.237069,False
lens_scene,primer_uds,732,34.341357,-5.166733,0.428409,0.049131,REX,5798.545410,0.126976,False
lens_scene,primer_uds,733,34.341465,-5.130837,0.261221,0.025756,SER,3175.152588,0.164126,False
lens_scene,primer_uds,734,34.341608,-5.199030,0.927868,0.054088,REX,5110.703613,0.250906,False
lens_scene,primer_uds,735,34.341689,-5.177667,0.661361,0.095330,DEV,1609.202026,0.194736,False
lens_scene,primer_uds,736,34.341741,-5.318144,0.613144,0.073449,SER,777.237061,0.118592,False
lens_scene,primer_uds,737,34.341994,-5.179174,0.666510,0.060694,REX,433.330505,0.075870,False
lens_scene,primer_uds,738,34.342713,-5.205790,0.647364,0.082146,EXP,335.952057,0.106262,False
lens_scene,primer_uds,739,34.343069,-5.191715,0.699707,0.063944,EXP,2226.139648,0.203860,False
lens_scene,primer_uds,740,34.343989,-5.166558,0.675634,0.028786,REX,5743.776367,0.278005,False
lens_scene,primer_uds,741,34.344288,-5.178637,0.622437,0.056030,EXP,549.945190,0.060344,False
lens_scene,primer_uds,742,34.344338,-5.173956,0.652939,0.050410,SER,8777.500977,0.200975,False
lens_scene,primer_uds,743,34.344721,-5.128058,0.363861,0.055361,SER,702.235046,0.125303,False
lens_scene,primer_uds,744,34.344767,-5.305748,0.745438,0.069140,REX,812.126770,0.131817,False
lens_scene,primer_uds,745,34.350628,-5.118100,0.414107,0.035222,SER,12716.877930,0.139230,False
lens_scene,primer_uds,746,34.352295,-5.116677,0.452189,0.072216,SER,925.664917,0.127302,False
lens_scene,primer_uds,747,34.353975,-5.119850,0.615987,0.074703,REX,279.408386,0.133113,False
lens_scene,primer_uds,748,34.405759,-5.105836,0.235141,0.029544,SER,2021.679565,0.000000,False
lens_scene,primer_uds,749,34.411316,-5.123289,0.430305,0.042930,DEV,6904.752930,0.216349,False
lens_scene,primer_uds,750,34.414464,-5.121451,0.451674,0.040174,SER,2170.545898,0.127539,False
lens_scene,primer_uds,751,34.420048,-5.114250,0.371434,0.085097,SER,327.601624,0.085373,False
lens_scene,primer_uds,752,34.420465,-5.118131,0.697085,0.027710,DEV,5187.338379,0.267890,False
lens_scene,primer_uds,753,34.423302,-5.101171,0.823625,0.093330,REX,613.475281,0.136763,False
lens_scene,primer_uds,754,34.423970,-5.113450,0.372601,0.038233,REX,3340.021973,0.241214,False
lens_scene,primer_uds,755,34.425526,-5.103248,0.969750,0.099022,EXP,1487.630127,0.100838,False
lens_scene,primer_uds,756,34.427446,-5.111317,0.927403,0.075183,EXP,1410.258179,0.098193,False
lens_scene,primer_uds,757,34.427563,-5.111952,0.821820,0.031875,REX,8148.712891,0.251608,False
lens_scene,primer_uds,758,34.428416,-5.104207,0.824465,0.040586,SER,8910.386719,0.230314,False
lens_scene,primer_uds,759,34.442816,-5.121365,0.724355,0.092218,REX,256.918823,0.117531,False
lens_scene,primer_uds,760,34.325723,-5.118817,0.517590,0.097965,SER,2701.662109,0.168732,False
lens_scene,primer_uds,761,34.330164,-5.122431,0.408653,0.028877,SER,4016.165039,0.145637,False
lens_scene,primer_uds,762,34.331839,-5.120006,0.983518,0.092241,REX,1864.284546,0.145090,False
lens_scene,primer_uds,763,34.332906,-5.119150,0.892101,0.093724,REX,447.522614,0.107484,False
lens_scene,primer_uds,764,34.341061,-5.124142,0.661140,0.040066,SER,5620.084961,0.152509,False
lens_scene,jades_gdn,765,189.016937,62.259745,0.313263,0.067448,REX,1049.671631,0.128624,False
lens_scene,jades_gdn,766,189.018884,62.261848,0.411911,0.091278,DEV,572.502869,0.135041,False
lens_scene,jades_gdn,767,189.024235,62.295436,0.217754,0.043646,REX,168.171082,0.033106,False
lens_scene,jades_gdn,768,189.026930,62.280163,0.615812,0.089987,EXP,643.633606,0.093257,False
lens_scene,jades_gdn,769,189.040649,62.239623,0.754882,0.078972,REX,2933.833008,0.195681,False
lens_scene,jades_gdn,770,189.044024,62.226204,0.744931,0.090451,REX,398.528900,0.102010,False
lens_scene,jades_gdn,771,189.046795,62.239120,0.935323,0.097501,REX,1429.752563,0.074489,False
lens_scene,jades_gdn,772,189.049761,62.276076,0.035661,0.039680,SER,1295.859619,0.028047,False
lens_scene,jades_gdn,773,189.053971,62.282947,0.655903,0.081085,EXP,598.643616,0.041862,False
lens_scene,jades_gdn,774,189.058275,62.237603,0.221261,0.036099,EXP,1447.037476,0.135446,False
lens_scene,jades_gdn,775,189.060259,62.221933,0.442129,0.070899,REX,3880.196289,0.136297,False
lens_scene,jades_gdn,776,189.064019,62.287918,0.612944,0.089844,EXP,1148.683838,0.085444,False
lens_scene,jades_gdn,777,189.069387,62.230878,0.701064,0.092587,REX,2238.764160,0.242139,False
lens_scene,jades_gdn,778,189.070416,62.243644,0.688351,0.048260,EXP,2900.770020,0.017970,False
lens_scene,jades_gdn,779,189.072576,62.237904,0.198923,0.066109,REX,520.847473,0.115392,False
lens_scene,jades_gdn,780,189.072636,62.264262,0.562266,0.096002,EXP,785.801819,0.118321,False
lens_scene,jades_gdn,781,189.073627,62.228995,0.562504,0.032126,REX,4362.036133,0.227227,False
lens_scene,jades_gdn,782,189.074882,62.249245,0.348161,0.061840,EXP,171.686340,0.082987,False
lens_scene,jades_gdn,783,189.081033,62.251572,0.852763,0.091379,REX,1695.745605,0.160533,False
lens_scene,jades_gdn,784,189.082066,62.231458,0.333909,0.047954,REX,2540.356689,0.212436,False
lens_scene,jades_gdn,785,189.082747,62.229956,0.600312,0.093465,REX,590.893616,0.104488,False
lens_scene,jades_gdn,786,189.087718,62.293779,0.812383,0.057500,REX,3077.007080,0.243283,False
lens_scene,jades_gdn,787,189.088515,62.271793,0.645622,0.053283,REX,3760.650635,0.212835,False
lens_scene,jades_gdn,788,189.088826,62.238129,0.592727,0.054839,DEV,3721.520264,0.195320,False
lens_scene,jades_gdn,789,189.089451,62.297065,0.648675,0.096832,EXP,917.124939,0.109919,False
lens_scene,jades_gdn,790,189.090551,62.300566,0.243988,0.046742,EXP,510.954224,0.088171,False
lens_scene,jades_gdn,791,189.093726,62.262363,0.551085,0.066663,REX,1517.099365,0.054189,False
lens_scene,jades_gdn,792,189.094313,62.285031,0.561694,0.077339,EXP,2103.898682,0.134082,False
lens_scene,jades_gdn,793,189.095952,62.229564,0.497908,0.090247,REX,1463.351807,0.091981,False
lens_scene,jades_gdn,794,189.098439,62.296419,0.767151,0.078856,REX,3829.566406,0.284469,False
lens_scene,jades_gdn,795,189.101628,62.248396,0.639357,0.033373,REX,4166.643555,0.163792,False
lens_scene,jades_gdn,796,189.102976,62.252934,0.624163,0.049398,REX,2850.386475,0.172479,False
lens_scene,jades_gdn,797,189.103709,62.244100,0.692773,0.057698,REX,3076.320557,0.224973,False
lens_scene,jades_gdn,798,189.116175,62.246975,0.702612,0.060457,EXP,3021.901855,0.187007,False
lens_scene,jades_gdn,799,189.117546,62.242475,0.352492,0.079124,EXP,346.355621,0.105783,False
lens_scene,jades_gdn,800,189.122119,62.270435,0.760785,0.060953,EXP,3093.813232,0.025029,False
lens_scene,jades_gdn,801,189.124848,62.234218,0.834004,0.091883,REX,909.994934,0.034454,False
lens_scene,jades_gdn,802,189.128388,62.284797,0.163957,0.035286,DEV,2932.395996,0.158225,False
lens_scene,jades_gdn,803,189.128604,62.242650,0.479300,0.081443,EXP,436.191040,0.049454,False
lens_scene,jades_gdn,804,189.131890,62.267797,0.792257,0.089247,REX,1076.601562,0.108133,False
lens_scene,jades_gdn,805,189.132769,62.295815,0.724912,0.092610,REX,2058.874756,0.083323,False
lens_scene,jades_gdn,806,189.135464,62.283190,0.340171,0.079378,SER,2104.121338,0.077392,False
lens_scene,jades_gdn,807,189.139933,62.222194,0.827684,0.097487,REX,872.097168,0.079138,False
lens_scene,jades_gdn,808,189.140620,62.241956,0.614471,0.078340,DEV,1981.441528,0.089391,False
lens_scene,jades_gdn,809,189.142574,62.242486,0.496145,0.053038,DEV,4232.814453,0.202016,False
lens_scene,jades_gdn,810,189.145647,62.206733,0.543607,0.040410,EXP,2517.741455,0.110550,False
lens_scene,jades_gdn,811,189.147929,62.309510,0.698169,0.034110,DEV,3257.446045,0.149397,False
lens_scene,jades_gdn,812,189.150641,62.282422,0.563618,0.094153,EXP,365.023956,0.080030,False
lens_scene,jades_gdn,813,189.153331,62.203658,0.864274,0.057215,REX,1506.240601,0.113884,False
lens_scene,jades_gdn,814,189.155103,62.279439,0.819629,0.057206,REX,3428.967285,0.124002,False
lens_scene,jades_gdn,815,189.155558,62.214566,0.500540,0.045740,DEV,2199.806152,0.227375,False
lens_scene,jades_gdn,816,189.156733,62.211328,0.368199,0.061552,REX,423.770416,0.026513,False
lens_scene,jades_gdn,817,189.158339,62.291436,0.548943,0.037233,REX,3834.642822,0.154925,False
lens_scene,jades_gdn,818,189.158665,62.296596,0.419832,0.042283,DEV,2501.540527,0.116906,False
lens_scene,jades_gdn,819,189.162778,62.305863,0.552119,0.025141,REX,4184.478027,0.142996,False
lens_scene,jades_gdn,820,189.165440,62.257325,0.366398,0.058974,EXP,1335.288086,0.122367,False
lens_scene,jades_gdn,821,189.166354,62.213893,0.725311,0.071013,REX,1600.916870,0.125089,False
lens_scene,jades_gdn,822,189.167099,62.218211,0.520105,0.047192,REX,4189.368652,0.210833,False
lens_scene,jades_gdn,823,189.171475,62.239199,0.614181,0.089032,REX,385.357330,0.052626,False
lens_scene,jades_gdn,824,189.171843,62.307934,0.847185,0.071683,REX,315.466003,0.056776,False
lens_scene,jades_gdn,825,189.172784,62.234120,0.538407,0.035252,REX,3488.514648,0.253381,False
lens_scene,jades_gdn,826,189.173464,62.192161,0.076438,0.031625,SER,132.172363,0.053788,False
lens_scene,jades_gdn,827,189.175515,62.314360,0.312735,0.077840,EXP,260.893860,0.077990,False
lens_scene,jades_gdn,828,189.175877,62.262664,0.902450,0.094436,DEV,2971.622314,0.144188,False
lens_scene,jades_gdn,829,189.178836,62.204542,0.378268,0.067016,REX,555.381470,0.068196,False
lens_scene,jades_gdn,830,189.179776,62.211747,0.835327,0.068888,REX,3313.424316,0.188494,False
lens_scene,jades_gdn,831,189.182326,62.232459,0.270854,0.075304,EXP,130.218063,0.078047,False
lens_scene,jades_gdn,832,189.182520,62.195248,0.724420,0.052702,REX,3246.083984,0.161998,False
lens_scene,jades_gdn,833,189.183210,62.213925,0.484520,0.083004,EXP,1032.101685,0.085934,False
lens_scene,jades_gdn,834,189.184950,62.192553,0.981543,0.049611,REX,4088.700684,0.157321,False
lens_scene,jades_gdn,835,189.185785,62.217935,0.519186,0.077483,EXP,1030.978027,0.109039,False
lens_scene,jades_gdn,836,189.191022,62.223839,0.358136,0.065515,REX,145.408401,0.074524,False
lens_scene,jades_gdn,837,189.192427,62.195001,0.989811,0.072196,REX,1202.636597,0.136020,False
lens_scene,jades_gdn,838,189.193059,62.234648,0.904769,0.085019,REX,3302.589355,0.181299,False
lens_scene,jades_gdn,839,189.195348,62.246509,0.538812,0.041774,REX,2461.592773,0.189483,False
lens_scene,jades_gdn,840,189.200309,62.219183,0.481997,0.035738,REX,4680.433105,0.230073,False
lens_scene,jades_gdn,841,189.201242,62.240716,0.132823,0.054882,REX,1262.815918,0.096536,False
lens_scene,jades_gdn,842,189.201345,62.252091,0.882270,0.073387,REX,3894.725098,0.222157,False
lens_scene,jades_gdn,843,189.202595,62.264629,0.754338,0.068441,REX,1874.280029,0.093371,False
lens_scene,jades_gdn,844,189.202620,62.194795,0.893082,0.099777,DEV,2898.139404,0.103520,False
lens_scene,jades_gdn,845,189.204499,62.272417,0.593019,0.094294,REX,1209.611694,0.126269,False
lens_scene,jades_gdn,846,189.205937,62.229701,0.099463,0.022951,SER,5487.375977,0.145811,False
lens_scene,jades_gdn,847,189.209229,62.211043,0.459326,0.065708,EXP,443.560760,0.045941,False
lens_scene,jades_gdn,848,189.211415,62.182953,0.466260,0.092173,REX,258.062958,0.039606,False
lens_scene,jades_gdn,849,189.212756,62.222410,0.184290,0.043657,SER,177.485367,0.063408,False
lens_scene,jades_gdn,850,189.212945,62.175252,0.417888,0.062011,REX,3535.375488,0.099499,False
lens_scene,jades_gdn,851,189.215500,62.205624,0.503209,0.092749,DEV,709.258362,0.101315,False
lens_scene,jades_gdn,852,189.215769,62.231622,0.581978,0.085176,EXP,961.455994,0.086469,False
lens_scene,jades_gdn,853,189.217948,62.260357,0.921439,0.086313,REX,2210.481689,0.177683,False
lens_scene,jades_gdn,854,189.220339,62.245579,0.319458,0.025319,DEV,6549.421387,0.185586,False
lens_scene,jades_gdn,855,189.224546,62.215018,0.641877,0.078916,REX,1854.849609,0.136410,False
lens_scene,jades_gdn,856,189.228393,62.146474,0.854016,0.089257,REX,3185.161377,0.207017,False
lens_scene,jades_gdn,857,189.232244,62.154849,0.502351,0.076024,REX,4082.117676,0.216835,False
lens_scene,jades_gdn,858,189.232670,62.157058,0.465608,0.098737,REX,153.509094,0.088507,False
lens_scene,jades_gdn,859,189.236000,62.212675,0.557267,0.051149,DEV,2588.626709,0.174615,False
lens_scene,jades_gdn,860,189.240906,62.140886,0.551109,0.029272,EXP,2655.908691,0.127017,False
lens_scene,jades_gdn,861,189.243086,62.166140,0.114342,0.017893,SER,3257.532715,0.116597,False
lens_scene,jades_gdn,862,189.245173,62.243034,0.666834,0.053153,REX,2868.636963,0.185027,False
lens_scene,jades_gdn,863,189.245780,62.202454,0.859364,0.097416,REX,1830.494141,0.111603,False
lens_scene,jades_gdn,864,189.249663,62.247217,0.729417,0.086906,REX,1106.078003,0.097044,False
lens_scene,jades_gdn,865,189.252146,62.234961,0.413886,0.086551,REX,3306.634521,0.212346,False
lens_scene,jades_gdn,866,189.252307,62.209630,0.535756,0.091423,REX,1737.650391,0.207521,False
lens_scene,jades_gdn,867,189.256227,62.144991,0.748649,0.077994,REX,522.347046,0.088705,False
lens_scene,jades_gdn,868,189.256443,62.191371,0.880747,0.083439,REX,759.009827,0.035732,False
lens_scene,jades_gdn,869,189.258446,62.223049,0.447698,0.061127,EXP,291.048981,0.068540,False
lens_scene,jades_gdn,870,189.258493,62.189696,0.179656,0.088581,REX,303.907043,0.076664,False
lens_scene,jades_gdn,871,189.260487,62.228343,0.482897,0.096403,REX,215.437515,0.072729,False
lens_scene,jades_gdn,872,189.261806,62.186200,0.745307,0.085239,REX,1609.986938,0.142185,False
lens_scene,jades_gdn,873,189.262169,62.239900,0.546461,0.060358,REX,2683.105225,0.175913,False
lens_scene,jades_gdn,874,189.263832,62.238339,0.516640,0.076434,DEV,2732.286621,0.221890,False
lens_scene,jades_gdn,875,189.266336,62.244792,0.461831,0.097244,REX,174.276855,0.079342,False
lens_scene,jades_gdn,876,189.269358,62.241444,0.569337,0.079446,EXP,2883.332031,0.154349,False
lens_scene,jades_gdn,877,189.269472,62.174583,0.422532,0.097227,EXP,246.206772,0.122192,False
lens_scene,jades_gdn,878,189.274475,62.198238,0.846257,0.048133,REX,1666.281250,0.130030,False
lens_scene,jades_gdn,879,189.280281,62.203882,0.609232,0.061289,REX,2453.589111,0.218876,False
lens_scene,jades_gdn,880,189.281811,62.186674,0.408726,0.094502,DEV,2219.750000,0.149830,False
lens_scene,jades_gdn,881,189.284648,62.182220,0.286600,0.071603,EXP,1828.839844,0.107575,False
lens_scene,jades_gdn,882,189.289289,62.143763,0.865952,0.049279,DEV,3639.229492,0.141176,False
lens_scene,jades_gdn,883,189.292936,62.149600,0.374776,0.042364,SER,883.288452,0.072745,False
lens_scene,jades_gdn,884,189.294015,62.194689,0.823419,0.063469,EXP,445.918121,0.048920,False
lens_scene,jades_gdn,885,189.303164,62.147543,0.587058,0.088279,DEV,1757.963989,0.135286,False
lens_scene,jades_gdn,886,189.316330,62.199723,0.108335,0.021299,SER,4700.993164,0.135380,False
lens_scene,jades_gdn,887,189.320082,62.168722,0.439159,0.059933,EXP,4235.471191,0.238119,False
lens_scene,jades_gdn,888,189.323530,62.187241,0.851456,0.062823,DEV,3227.471680,0.178157,False
lens_scene,jades_gdn,889,189.329747,62.191998,0.513005,0.055502,REX,2296.280762,0.146796,False
lens_scene,jades_gdn,890,189.341006,62.176579,0.802304,0.063441,REX,1829.389526,0.171694,False
lens_scene,jades_gdn,891,189.345167,62.152698,0.484702,0.089486,DEV,1763.125977,0.149688,False
lens_scene,jades_gdn,892,189.349073,62.179437,0.144215,0.021013,EXP,452.181213,0.064324,False
lens_scene,jades_gdn,893,189.353337,62.160634,0.868480,0.090445,EXP,560.223755,0.043141,False
lens_scene,jades_gdn,894,189.355311,62.168347,0.347926,0.043822,SER,2188.966797,0.056324,False
lens_scene,jades_gdn,895,189.360894,62.158549,0.465899,0.096088,REX,697.946716,0.093968,False
lens_scene,ceers_egs,896,214.808951,52.876240,0.716278,0.040427,REX,4618.035156,0.228020,False
lens_scene,ceers_egs,897,214.834244,52.893770,0.728544,0.042202,REX,5416.621094,0.192436,False
lens_scene,ceers_egs,898,214.834823,52.899773,0.276889,0.085084,EXP,205.129272,0.110559,False
lens_scene,ceers_egs,899,214.835078,52.896412,0.730355,0.075738,REX,582.280090,0.049937,False
lens_scene,ceers_egs,900,214.840150,52.891419,0.719731,0.048973,REX,4391.984375,0.186057,False
lens_scene,ceers_egs,901,214.842093,52.902610,0.531277,0.062935,REX,4132.829590,0.223082,False
lens_scene,ceers_egs,902,214.849804,52.892061,0.398684,0.092010,REX,117.172379,0.055620,False
lens_scene,ceers_egs,903,214.850062,52.891402,0.396707,0.051502,DEV,3339.237793,0.258741,False
lens_scene,ceers_egs,904,214.881605,52.883961,0.473166,0.070908,REX,3295.225830,0.253934,False
lens_scene,ceers_egs,905,214.883138,52.931637,0.357662,0.086547,REX,4833.437500,0.215426,False
lens_scene,ceers_egs,906,214.884484,52.910205,0.299679,0.048858,EXP,1566.371338,0.090378,False
lens_scene,ceers_egs,907,214.905432,52.896088,0.822828,0.083382,REX,755.968872,0.066951,False
lens_scene,ceers_egs,908,214.910593,52.947182,0.786275,0.080781,REX,1483.562744,0.133022,False
lens_scene,ceers_egs,909,214.912253,52.935246,0.855914,0.099295,REX,1164.416382,0.170955,False
lens_scene,ceers_egs,910,214.913785,52.930203,0.819180,0.075880,REX,204.520050,0.035517,False
lens_scene,ceers_egs,911,214.914381,52.875947,0.809008,0.068145,EXP,2642.053955,0.173800,False
lens_scene,ceers_egs,912,214.920788,52.876666,0.821316,0.093126,REX,2221.951660,0.190767,False
lens_scene,ceers_egs,913,214.920936,52.916919,0.659856,0.040776,REX,3723.759277,0.222932,False
lens_scene,ceers_egs,914,214.923777,52.928106,0.753891,0.068163,REX,1287.116577,0.087714,False
lens_scene,ceers_egs,915,214.938730,52.954281,0.754149,0.074133,EXP,695.423218,0.118314,False
lens_scene,ceers_egs,916,214.939259,52.930833,0.853659,0.066193,REX,350.299744,0.037759,False
lens_scene,ceers_egs,917,214.943158,52.910315,0.777231,0.081514,REX,1477.010742,0.108277,False
lens_scene,ceers_egs,918,214.946099,52.876110,0.496500,0.062985,REX,175.355118,0.031056,False
lens_scene,ceers_egs,919,214.954632,52.876546,0.576739,0.076010,EXP,1985.627930,0.098873,False
lens_scene,ceers_egs,920,214.954937,52.875812,0.405972,0.030116,EXP,3561.271240,0.164646,False
lens_scene,ceers_egs,921,214.955831,52.877059,0.342788,0.057091,REX,867.508972,0.073231,False
lens_scene,ceers_egs,922,214.956954,52.949144,0.794939,0.088602,EXP,219.579315,0.031699,False
lens_scene,ceers_egs,923,214.957351,52.921457,0.362972,0.041680,SER,719.287537,0.087075,False
lens_scene,ceers_egs,924,214.964547,52.924138,0.741787,0.056942,REX,1376.111938,0.064315,False
lens_scene,ceers_egs,925,214.967469,52.926263,0.523653,0.035493,DEV,6612.112793,0.088783,False
lens_scene,ceers_egs,926,214.977875,52.897049,0.445872,0.049705,REX,335.842316,0.047379,False
lens_scene,ceers_egs,927,214.984945,52.956830,0.863251,0.089363,REX,178.777191,0.067826,False
lens_scene,ceers_egs,928,214.985478,52.897773,0.662610,0.057121,REX,3820.194092,0.221228,False
lens_scene,ceers_egs,929,214.994075,52.875496,0.841731,0.093896,REX,1831.567749,0.130167,False
lens_scene,ceers_egs,930,214.691136,52.748809,0.565285,0.086518,REX,285.062836,0.000000,False
lens_scene,ceers_egs,931,214.729524,52.757352,0.359296,0.071564,REX,628.101990,0.114620,False
lens_scene,ceers_egs,932,214.729881,52.732629,0.321010,0.081533,EXP,820.572449,0.167929,False
lens_scene,ceers_egs,933,214.732487,52.731569,0.357918,0.084424,REX,1877.299072,0.210562,False
lens_scene,ceers_egs,934,214.735009,52.731763,0.228665,0.059076,REX,741.789673,0.044610,False
lens_scene,ceers_egs,935,214.736375,52.730962,0.305837,0.067757,REX,624.759888,0.114197,False
lens_scene,ceers_egs,936,214.737619,52.738618,0.308675,0.079194,DEV,2099.328125,0.195290,False
lens_scene,ceers_egs,937,214.738691,52.737270,0.276219,0.052018,REX,4497.415527,0.136045,False
lens_scene,ceers_egs,938,214.740549,52.750083,0.587007,0.091997,EXP,405.234070,0.100128,False
lens_scene,ceers_egs,939,214.742656,52.738338,0.396083,0.084204,REX,759.856995,0.147510,False
lens_scene,ceers_egs,940,214.746734,52.736483,0.351240,0.080549,EXP,1156.069702,0.101355,False
lens_scene,ceers_egs,941,214.749967,52.755986,0.881408,0.099663,REX,640.645386,0.128676,False
lens_scene,ceers_egs,942,214.750242,52.824121,0.477152,0.065328,REX,219.941605,0.079762,False
lens_scene,ceers_egs,943,214.750741,52.833057,0.672130,0.044605,DEV,4216.082031,0.181213,False
lens_scene,ceers_egs,944,214.752160,52.788303,0.513915,0.058622,EXP,1989.914673,0.132378,False
lens_scene,ceers_egs,945,214.756145,52.752670,0.839926,0.097039,DEV,7068.143555,0.206278,False
lens_scene,ceers_egs,946,214.760522,52.789254,0.189628,0.051173,REX,107.007164,0.062097,False
lens_scene,ceers_egs,947,214.777139,52.814121,0.372402,0.077324,REX,972.735596,0.123775,False
lens_scene,ceers_egs,948,214.778761,52.745305,0.405395,0.078070,REX,1828.439209,0.065359,False
lens_scene,ceers_egs,949,214.782626,52.831061,0.375012,0.042988,SER,8340.762695,0.153101,False
lens_scene,ceers_egs,950,214.789723,52.796214,0.784351,0.061175,EXP,803.146790,0.078160,False
lens_scene,ceers_egs,951,214.790163,52.775979,0.874893,0.081488,DEV,3373.181885,0.102655,False
lens_scene,ceers_egs,952,214.790328,52.793282,0.365655,0.046315,DEV,3488.661621,0.182125,False
lens_scene,ceers_egs,953,214.791982,52.820022,0.258848,0.069176,REX,574.208923,0.126781,False
lens_scene,ceers_egs,954,214.792917,52.867735,0.251053,0.047817,REX,2353.336426,0.163312,False
lens_scene,ceers_egs,955,214.793339,52.768176,0.417621,0.075357,EXP,120.082436,0.081401,False
lens_scene,ceers_egs,956,214.793452,52.808550,0.333152,0.010135,SER,540.040771,0.000000,False
lens_scene,ceers_egs,957,214.793784,52.815601,0.278740,0.062454,EXP,410.868164,0.095368,False
lens_scene,ceers_egs,958,214.794583,52.784022,0.832367,0.055908,DEV,2815.364502,0.145684,False
lens_scene,ceers_egs,959,214.796521,52.731342,0.068535,0.025002,SER,190.674088,0.051181,False
lens_scene,ceers_egs,960,214.796607,52.869541,0.303955,0.090946,EXP,206.112808,0.094362,False
lens_scene,ceers_egs,961,214.799914,52.763060,0.523888,0.054720,DEV,3429.517334,0.170894,False
lens_scene,ceers_egs,962,214.802308,52.785630,0.858525,0.089917,REX,1896.423096,0.137832,False
lens_scene,ceers_egs,963,214.802608,52.826892,0.896534,0.090721,REX,3445.165039,0.194195,False
lens_scene,ceers_egs,964,214.803371,52.744311,0.399620,0.050541,REX,992.922852,0.103122,False
lens_scene,ceers_egs,965,214.805423,52.814741,0.279545,0.042237,EXP,644.557983,0.045501,False
lens_scene,ceers_egs,966,214.806913,52.866598,0.902987,0.085145,REX,3183.670166,0.136454,False
lens_scene,ceers_egs,967,214.808652,52.819182,0.835579,0.054348,REX,4497.006348,0.155302,False
lens_scene,ceers_egs,968,214.809969,52.808309,0.158963,0.034890,REX,1183.262085,0.092136,False
lens_scene,ceers_egs,969,214.813391,52.729083,0.825632,0.068162,REX,354.511902,0.078975,False
lens_scene,ceers_egs,970,214.815337,52.870979,0.433719,0.050771,DEV,4341.422852,0.193547,False
lens_scene,ceers_egs,971,214.815668,52.806928,0.330953,0.043638,REX,2453.945801,0.186292,False
lens_scene,ceers_egs,972,214.816570,52.870406,0.884124,0.068864,REX,4071.379150,0.169631,False
lens_scene,ceers_egs,973,214.817465,52.822983,0.799939,0.095050,REX,750.294128,0.041799,False
lens_scene,ceers_egs,974,214.821004,52.817342,0.403080,0.099060,EXP,288.974884,0.052902,False
lens_scene,ceers_egs,975,214.822516,52.807857,0.208962,0.027853,REX,6474.335938,0.221769,False
lens_scene,ceers_egs,976,214.824063,52.734183,0.846142,0.083135,REX,2468.339844,0.144994,False
lens_scene,ceers_egs,977,214.830083,52.771383,0.256629,0.045385,REX,191.773727,0.000000,False
lens_scene,ceers_egs,978,214.831782,52.787679,0.611704,0.068022,REX,5611.941895,0.218561,False
lens_scene,ceers_egs,979,214.832945,52.825437,0.387490,0.099219,DEV,1021.471863,0.067190,False
lens_scene,ceers_egs,980,214.834927,52.825797,0.668823,0.098122,DEV,2187.688232,0.133971,False
lens_scene,ceers_egs,981,214.842117,52.801004,0.286705,0.025507,REX,5160.609863,0.239009,False
lens_scene,ceers_egs,982,214.842907,52.859301,0.892415,0.079760,REX,2698.664795,0.107761,False
lens_scene,ceers_egs,983,214.847803,52.790922,0.774841,0.059123,REX,4624.392578,0.133324,False
lens_scene,ceers_egs,984,214.848952,52.814838,0.772015,0.059473,EXP,4002.316406,0.024270,False
lens_scene,ceers_egs,985,214.857226,52.799033,0.547333,0.074813,DEV,3990.326660,0.139114,False
lens_scene,ceers_egs,986,214.858776,52.799305,0.464381,0.025377,DEV,6507.262207,0.151996,False
lens_scene,ceers_egs,987,214.860354,52.769158,0.943107,0.091589,REX,428.662201,0.059383,False
lens_scene,ceers_egs,988,214.862217,52.801849,0.545015,0.022081,REX,2283.341553,0.143341,False
lens_scene,ceers_egs,989,214.863471,52.761347,0.329066,0.066073,REX,408.801697,0.081007,False
lens_scene,ceers_egs,990,214.867816,52.798737,0.791593,0.054075,REX,3468.794189,0.175159,False
lens_scene,ceers_egs,991,214.868871,52.871561,0.378157,0.040115,DEV,5262.753418,0.191892,False
lens_scene,ceers_egs,992,214.873503,52.866487,0.328312,0.016624,DEV,6988.261230,0.171447,False
lens_scene,ceers_egs,993,214.874145,52.868438,0.281142,0.059255,REX,5739.000977,0.199933,False
lens_scene,ceers_egs,994,214.875533,52.866442,0.378688,0.087291,SER,8146.459473,0.139116,False
lens_scene,ceers_egs,995,214.878416,52.864350,0.300123,0.091628,EXP,1499.331299,0.066547,False
lens_scene,ceers_egs,996,214.882080,52.865510,0.260294,0.090209,REX,228.935501,0.053954,False
lens_scene,ceers_egs,997,214.894556,52.829781,0.467327,0.044791,DEV,4916.504883,0.157368,False
lens_scene,ceers_egs,998,214.902286,52.872130,0.833258,0.099604,REX,2041.603394,0.123116,False
lens_scene,ceers_egs,999,214.905213,52.799303,0.171024,0.027803,REX,209.317749,0.061227,False
lens_scene,ceers_egs,1000,214.905281,52.850904,0.642112,0.047172,REX,1169.184204,0.120284,False
lens_scene,ceers_egs,1001,214.905664,52.847335,0.777480,0.053573,EXP,1242.000366,0.019327,False
lens_scene,ceers_egs,1002,214.906861,52.863678,0.559944,0.077894,REX,681.171143,0.070980,False
lens_scene,ceers_egs,1003,214.913861,52.852047,0.715417,0.073066,REX,3755.977783,0.202889,False
lens_scene,ceers_egs,1004,214.915079,52.846663,0.730735,0.087302,REX,2250.020020,0.211002,False
lens_scene,ceers_egs,1005,214.915992,52.870970,0.496015,0.042142,DEV,4937.394531,0.197776,False
lens_scene,ceers_egs,1006,214.916648,52.866911,0.414007,0.095023,REX,372.454315,0.080783,False
lens_scene,ceers_egs,1007,214.919930,52.866858,0.951273,0.073894,REX,2523.116943,0.182615,False
lens_scene,ceers_egs,1008,214.927078,52.840254,0.830458,0.051221,REX,2727.784424,0.114401,False
lens_scene,ceers_egs,1009,214.933301,52.858102,0.755303,0.069143,EXP,2433.870850,0.178778,False
lens_scene,ceers_egs,1010,214.936711,52.847271,0.346268,0.064596,REX,494.957184,0.101590,False
lens_scene,ceers_egs,1011,214.966495,52.841947,0.465215,0.027842,REX,5435.175781,0.197233,False
lens_scene,ceers_egs,1012,214.967151,52.857675,0.240667,0.043767,EXP,737.445190,0.070389,False
lens_scene,ceers_egs,1013,214.970659,52.853006,0.535811,0.050185,DEV,3533.018066,0.169915,False
lens_scene,ceers_egs,1014,214.985298,52.871397,0.282211,0.033600,SER,672.835266,0.076414,False
